,ESTACION,MAGNITUD,ANO,MES,DIA,valor_medido,fecha
1072,59,83,2019,1,1,5.2,2019-01-01
6125,59,83,2019,1,2,4.1,2019-01-02
11178,59,83,2019,1,3,5.1,2019-01-03
16231,59,83,2019,1,4,4.2,2019-01-04
21284,59,83,2019,1,5,3.9,2019-01-05
26337,59,83,2019,1,6,5.2,2019-01-06
31390,59,83,2019,1,7,6.7,2019-01-07
36443,59,83,2019,1,8,6.1,2019-01-08
41496,59,83,2019,1,9,6.7,2019-01-09
46549,59,83,2019,1,10,3.4,2019-01-10
51602,59,83,2019,1,11,2.5,2019-01-11
56655,59,83,2019,1,12,3.6,2019-01-12
61708,59,83,2019,1,13,3.7,2019-01-13
66761,59,83,2019,1,14,5.4,2019-01-14
71814,59,83,2019,1,15,5.6,2019-01-15
76867,59,83,2019,1,16,4.4,2019-01-16
81920,59,83,2019,1,17,4.1,2019-01-17
86973,59,83,2019,1,18,2.5,2019-01-18
92026,59,83,2019,1,19,1.2,2019-01-19
97079,59,83,2019,1,20,5.0,2019-01-20
102132,59,83,2019,1,21,5.0,2019-01-21
107185,59,83,2019,1,22,3.8,2019-01-22
112238,59,83,2019,1,23,9.8,2019-01-23
117291,59,83,2019,1,24,10.4,2019-01-24
122344,59,83,2019,1,25,10.3,2019-01-25
127397,59,83,2019,1,26,6.5,2019-01-26
132450,59,83,2019,1,27,6.7,2019-01-27
137503,59,83,2019,1,28,7.9,2019-01-28
142556,59,83,2019,1,29,7.9,2019-01-29
147609,59,83,2019,1,30,6.8,2019-01-30
152662,59,83,2019,1,31,9.7,2019-01-31
1073,59,83,2019,2,1,6.8,2019-02-01
6126,59,83,2019,2,2,4.5,2019-02-02
11179,59,83,2019,2,3,3.7,2019-02-03
16232,59,83,2019,2,4,3.9,2019-02-04
21285,59,83,2019,2,5,7.3,2019-02-05
26338,59,83,2019,2,6,7.9,2019-02-06
31391,59,83,2019,2,7,7.9,2019-02-07
36444,59,83,2019,2,8,7.3,2019-02-08
41497,59,83,2019,2,9,6.6,2019-02-09
46550,59,83,2019,2,10,8.3,2019-02-10
51603,59,83,2019,2,11,8.5,2019-02-11
56656,59,83,2019,2,12,6.6,2019-02-12
61709,59,83,2019,2,13,7.5,2019-02-13
66762,59,83,2019,2,14,6.8,2019-02-14
71815,59,83,2019,2,15,7.4,2019-02-15
76868,59,83,2019,2,16,8.9,2019-02-16
81921,59,83,2019,2,17,7.4,2019-02-17
86974,59,83,2019,2,18,7.1,2019-02-18
92027,59,83,2019,2,19,8.5,2019-02-19
97080,59,83,2019,2,20,7.9,2019-02-20
102133,59,83,2019,2,21,8.9,2019-02-21
107186,59,83,2019,2,22,9.4,2019-02-22
112239,59,83,2019,2,23,9.9,2019-02-23
117292,59,83,2019,2,24,11.1,2019-02-24
122345,59,83,2019,2,25,10.7,2019-02-25
127398,59,83,2019,2,26,11.4,2019-02-26
132451,59,83,2019,2,27,11.3,2019-02-27
137504,59,83,2019,2,28,11.4,2019-02-28
1074,59,83,2019,3,1,11.7,2019-03-01
6127,59,83,2019,3,2,13.0,2019-03-02
11180,59,83,2019,3,3,12.1,2019-03-03
16233,59,83,2019,3,4,12.0,2019-03-04
21286,59,83,2019,3,5,11.8,2019-03-05
26339,59,83,2019,3,6,10.1,2019-03-06
31392,59,83,2019,3,7,8.2,2019-03-07
36445,59,83,2019,3,8,10.2,2019-03-08
41498,59,83,2019,3,9,11.2,2019-03-09
46551,59,83,2019,3,10,13.6,2019-03-10
51604,59,83,2019,3,11,13.4,2019-03-11
56657,59,83,2019,3,12,12.7,2019-03-12
61710,59,83,2019,3,13,10.3,2019-03-13
66763,59,83,2019,3,14,10.2,2019-03-14
71816,59,83,2019,3,15,12.9,2019-03-15
76869,59,83,2019,3,16,15.2,2019-03-16
81922,59,83,2019,3,17,12.8,2019-03-17
86975,59,83,2019,3,18,8.7,2019-03-18
92028,59,83,2019,3,19,9.5,2019-03-19
97081,59,83,2019,3,20,8.3,2019-03-20
102134,59,83,2019,3,21,8.8,2019-03-21
107187,59,83,2019,3,22,10.2,2019-03-22
112240,59,83,2019,3,23,12.7,2019-03-23
117293,59,83,2019,3,24,13.9,2019-03-24
122346,59,83,2019,3,25,13.5,2019-03-25
127399,59,83,2019,3,26,11.9,2019-03-26
132452,59,83,2019,3,27,11.0,2019-03-27
137505,59,83,2019,3,28,11.2,2019-03-28
142558,59,83,2019,3,29,10.8,2019-03-29
147611,59,83,2019,3,30,11.5,2019-03-30
152664,59,83,2019,3,31,9.5,2019-03-31
1075,59,83,2019,4,1,11.4,2019-04-01
6128,59,83,2019,4,2,12.7,2019-04-02
11181,59,83,2019,4,3,11.5,2019-04-03
16234,59,83,2019,4,4,8.5,2019-04-04
21287,59,83,2019,4,5,6.3,2019-04-05
26340,59,83,2019,4,6,6.0,2019-04-06
31393,59,83,2019,4,7,7.9,2019-04-07
36446,59,83,2019,4,8,10.4,2019-04-08
41499,59,83,2019,4,9,8.9,2019-04-09
46552,59,83,2019,4,10,9.8,2019-04-10
51605,59,83,2019,4,11,9.7,2019-04-11
56658,59,83,2019,4,12,11.0,2019-04-12
61711,59,83,2019,4,13,13.4,2019-04-13
66764,59,83,2019,4,14,16.1,2019-04-14
71817,59,83,2019,4,15,16.4,2019-04-15
76870,59,83,2019,4,16,14.4,2019-04-16
81923,59,83,2019,4,17,15.8,2019-04-17
86976,59,83,2019,4,18,10.1,2019-04-18
92029,59,83,2019,4,19,9.2,2019-04-19
97082,59,83,2019,4,20,13.2,2019-04-20
102135,59,83,2019,4,21,10.0,2019-04-21
107188,59,83,2019,4,22,12.8,2019-04-22
112241,59,83,2019,4,23,10.4,2019-04-23
117294,59,83,2019,4,24,7.6,2019-04-24
122347,59,83,2019,4,25,9.8,2019-04-25
127400,59,83,2019,4,26,12.1,2019-04-26
132453,59,83,2019,4,27,13.8,2019-04-27
137506,59,83,2019,4,28,16.7,2019-04-28
142559,59,83,2019,4,29,18.0,2019-04-29
147612,59,83,2019,4,30,18.5,2019-04-30
1076,59,83,2019,5,1,17.8,2019-05-01
6129,59,83,2019,5,2,17.8,2019-05-02
11182,59,83,2019,5,3,14.8,2019-05-03
16235,59,83,2019,5,4,13.6,2019-05-04
21288,59,83,2019,5,5,14.6,2019-05-05
26341,59,83,2019,5,6,16.8,2019-05-06
31394,59,83,2019,5,7,17.6,2019-05-07
36447,59,83,2019,5,8,16.0,2019-05-08
41500,59,83,2019,5,9,16.2,2019-05-09
46553,59,83,2019,5,10,18.8,2019-05-10
51606,59,83,2019,5,11,19.3,2019-05-11
56659,59,83,2019,5,12,17.6,2019-05-12
61712,59,83,2019,5,13,20.4,2019-05-13
66765,59,83,2019,5,14,20.1,2019-05-14
71818,59,83,2019,5,15,22.7,2019-05-15
76871,59,83,2019,5,16,20.4,2019-05-16
81924,59,83,2019,5,17,13.0,2019-05-17
86977,59,83,2019,5,18,13.3,2019-05-18
92030,59,83,2019,5,19,14.8,2019-05-19
97083,59,83,2019,5,20,15.1,2019-05-20
102136,59,83,2019,5,21,17.8,2019-05-21
107189,59,83,2019,5,22,19.9,2019-05-22
112242,59,83,2019,5,23,21.4,2019-05-23
117295,59,83,2019,5,24,18.7,2019-05-24
122348,59,83,2019,5,25,16.9,2019-05-25
127401,59,83,2019,5,26,17.8,2019-05-26
132454,59,83,2019,5,27,20.4,2019-05-27
137507,59,83,2019,5,28,18.1,2019-05-28
142560,59,83,2019,5,29,17.4,2019-05-29
147613,59,83,2019,5,30,21.2,2019-05-30
152666,59,83,2019,5,31,23.4,2019-05-31
1077,59,83,2019,6,1,24.5,2019-06-01
6130,59,83,2019,6,2,25.6,2019-06-02
11183,59,83,2019,6,3,25.5,2019-06-03
16236,59,83,2019,6,4,23.5,2019-06-04
21289,59,83,2019,6,5,17.0,2019-06-05
26342,59,83,2019,6,6,17.5,2019-06-06
31395,59,83,2019,6,7,16.0,2019-06-07
36448,59,83,2019,6,8,19.1,2019-06-08
41501,59,83,2019,6,9,20.6,2019-06-09
46554,59,83,2019,6,10,19.8,2019-06-10
51607,59,83,2019,6,11,16.4,2019-06-11
56660,59,83,2019,6,12,16.4,2019-06-12
61713,59,83,2019,6,13,20.1,2019-06-13
66766,59,83,2019,6,14,19.8,2019-06-14
71819,59,83,2019,6,15,18.9,2019-06-15
76872,59,83,2019,6,16,21.2,2019-06-16
81925,59,83,2019,6,17,23.8,2019-06-17
86978,59,83,2019,6,18,24.9,2019-06-18
92031,59,83,2019,6,19,22.1,2019-06-19
97084,59,83,2019,6,20,22.4,2019-06-20
102137,59,83,2019,6,21,22.5,2019-06-21
107190,59,83,2019,6,22,23.2,2019-06-22
112243,59,83,2019,6,23,25.7,2019-06-23
117296,59,83,2019,6,24,25.7,2019-06-24
122349,59,83,2019,6,25,26.4,2019-06-25
127402,59,83,2019,6,26,28.4,2019-06-26
132455,59,83,2019,6,27,30.0,2019-06-27
137508,59,83,2019,6,28,30.9,2019-06-28
142561,59,83,2019,6,29,31.2,2019-06-29
147614,59,83,2019,6,30,31.0,2019-06-30
1078,59,83,2019,7,1,28.8,2019-07-01
6131,59,83,2019,7,2,27.1,2019-07-02
11184,59,83,2019,7,3,26.9,2019-07-03
16237,59,83,2019,7,4,27.7,2019-07-04
21290,59,83,2019,7,5,27.4,2019-07-05
26343,59,83,2019,7,6,26.9,2019-07-06
31396,59,83,2019,7,7,27.2,2019-07-07
36449,59,83,2019,7,8,24.7,2019-07-08
41502,59,83,2019,7,9,22.5,2019-07-09
46555,59,83,2019,7,10,24.4,2019-07-10
51608,59,83,2019,7,11,28.2,2019-07-11
56661,59,83,2019,7,12,30.0,2019-07-12
61714,59,83,2019,7,13,29.6,2019-07-13
66767,59,83,2019,7,14,26.6,2019-07-14
71820,59,83,2019,7,15,27.0,2019-07-15
76873,59,83,2019,7,16,28.1,2019-07-16
81926,59,83,2019,7,17,27.6,2019-07-17
86979,59,83,2019,7,18,28.0,2019-07-18
92032,59,83,2019,7,19,29.1,2019-07-19
97085,59,83,2019,7,20,30.3,2019-07-20
102138,59,83,2019,7,21,30.4,2019-07-21
107191,59,83,2019,7,22,29.9,2019-07-22
112244,59,83,2019,7,23,29.9,2019-07-23
117297,59,83,2019,7,24,24.1,2019-07-24
122350,59,83,2019,7,25,0.0,2019-07-25
127403,59,83,2019,7,26,0.0,2019-07-26
132456,59,83,2019,7,27,0.0,2019-07-27
137509,59,83,2019,7,28,0.0,2019-07-28
142562,59,83,2019,7,29,0.0,2019-07-29
147615,59,83,2019,7,30,0.0,2019-07-30
152668,59,83,2019,7,31,0.0,2019-07-31
1079,59,83,2019,8,1,0.0,2019-08-01
6132,59,83,2019,8,2,0.0,2019-08-02
11185,59,83,2019,8,3,0.0,2019-08-03
16238,59,83,2019,8,4,0.0,2019-08-04
21291,59,83,2019,8,5,0.0,2019-08-05
26344,59,83,2019,8,6,0.0,2019-08-06
31397,59,83,2019,8,7,0.0,2019-08-07
36450,59,83,2019,8,8,0.0,2019-08-08
41503,59,83,2019,8,9,27.8,2019-08-09
46556,59,83,2019,8,10,25.1,2019-08-10
51609,59,83,2019,8,11,24.5,2019-08-11
56662,59,83,2019,8,12,21.2,2019-08-12
61715,59,83,2019,8,13,21.7,2019-08-13
66768,59,83,2019,8,14,24.5,2019-08-14
71821,59,83,2019,8,15,27.1,2019-08-15
76874,59,83,2019,8,16,27.8,2019-08-16
81927,59,83,2019,8,17,28.9,2019-08-17
86980,59,83,2019,8,18,27.4,2019-08-18
92033,59,83,2019,8,19,26.5,2019-08-19
97086,59,83,2019,8,20,23.3,2019-08-20
102139,59,83,2019,8,21,23.0,2019-08-21
107192,59,83,2019,8,22,22.8,2019-08-22
112245,59,83,2019,8,23,24.4,2019-08-23
117298,59,83,2019,8,24,25.7,2019-08-24
122351,59,83,2019,8,25,26.0,2019-08-25
127404,59,83,2019,8,26,21.5,2019-08-26
132457,59,83,2019,8,27,20.6,2019-08-27
137510,59,83,2019,8,28,23.5,2019-08-28
142563,59,83,2019,8,29,24.9,2019-08-29
147616,59,83,2019,8,30,25.2,2019-08-30
152669,59,83,2019,8,31,24.8,2019-08-31
1080,59,83,2019,9,1,25.0,2019-09-01
6133,59,83,2019,9,2,23.5,2019-09-02
11186,59,83,2019,9,3,24.7,2019-09-03
16239,59,83,2019,9,4,25.2,2019-09-04
21292,59,83,2019,9,5,20.7,2019-09-05
26345,59,83,2019,9,6,18.0,2019-09-06
31398,59,83,2019,9,7,19.8,2019-09-07
36451,59,83,2019,9,8,21.9,2019-09-08
41504,59,83,2019,9,9,22.3,2019-09-09
46557,59,83,2019,9,10,16.7,2019-09-10
51610,59,83,2019,9,11,18.5,2019-09-11
56663,59,83,2019,9,12,20.7,2019-09-12
61716,59,83,2019,9,13,18.1,2019-09-13
66769,59,83,2019,9,14,16.9,2019-09-14
71822,59,83,2019,9,15,17.8,2019-09-15
76875,59,83,2019,9,16,19.8,2019-09-16
81928,59,83,2019,9,17,21.0,2019-09-17
86981,59,83,2019,9,18,20.7,2019-09-18
92034,59,83,2019,9,19,21.5,2019-09-19
97087,59,83,2019,9,20,19.9,2019-09-20
102140,59,83,2019,9,21,18.1,2019-09-21
107193,59,83,2019,9,22,18.8,2019-09-22
112246,59,83,2019,9,23,17.3,2019-09-23
117299,59,83,2019,9,24,19.4,2019-09-24
122352,59,83,2019,9,25,19.5,2019-09-25
127405,59,83,2019,9,26,19.7,2019-09-26
132458,59,83,2019,9,27,20.9,2019-09-27
137511,59,83,2019,9,28,19.7,2019-09-28
142564,59,83,2019,9,29,20.4,2019-09-29
147617,59,83,2019,9,30,20.8,2019-09-30
1081,59,83,2019,10,1,19.5,2019-10-01
6134,59,83,2019,10,2,18.2,2019-10-02
11187,59,83,2019,10,3,17.0,2019-10-03
16240,59,83,2019,10,4,19.2,2019-10-04
21293,59,83,2019,10,5,19.9,2019-10-05
26346,59,83,2019,10,6,19.9,2019-10-06
31399,59,83,2019,10,7,20.2,2019-10-07
36452,59,83,2019,10,8,20.7,2019-10-08
41505,59,83,2019,10,9,20.8,2019-10-09
46558,59,83,2019,10,10,18.7,2019-10-10
51611,59,83,2019,10,11,19.8,2019-10-11
56664,59,83,2019,10,12,20.7,2019-10-12
61717,59,83,2019,10,13,18.1,2019-10-13
66770,59,83,2019,10,14,15.2,2019-10-14
71823,59,83,2019,10,15,12.4,2019-10-15
76876,59,83,2019,10,16,12.8,2019-10-16
81929,59,83,2019,10,17,12.3,2019-10-17
86982,59,83,2019,10,18,16.3,2019-10-18
92035,59,83,2019,10,19,14.2,2019-10-19
97088,59,83,2019,10,20,10.7,2019-10-20
102141,59,83,2019,10,21,9.3,2019-10-21
107194,59,83,2019,10,22,8.6,2019-10-22
112247,59,83,2019,10,23,8.8,2019-10-23
117300,59,83,2019,10,24,11.7,2019-10-24
122353,59,83,2019,10,25,12.6,2019-10-25
127406,59,83,2019,10,26,13.8,2019-10-26
132459,59,83,2019,10,27,14.5,2019-10-27
137512,59,83,2019,10,28,16.0,2019-10-28
142565,59,83,2019,10,29,13.0,2019-10-29
147618,59,83,2019,10,30,14.5,2019-10-30
152671,59,83,2019,10,31,17.4,2019-10-31
1082,59,83,2019,11,1,17.3,2019-11-01
6135,59,83,2019,11,2,15.7,2019-11-02
11188,59,83,2019,11,3,13.8,2019-11-03
16241,59,83,2019,11,4,13.4,2019-11-04
21294,59,83,2019,11,5,10.6,2019-11-05
26347,59,83,2019,11,6,10.9,2019-11-06
31400,59,83,2019,11,7,9.8,2019-11-07
36453,59,83,2019,11,8,7.8,2019-11-08
41506,59,83,2019,11,9,7.9,2019-11-09
46559,59,83,2019,11,10,7.3,2019-11-10
51612,59,83,2019,11,11,7.8,2019-11-11
56665,59,83,2019,11,12,8.8,2019-11-12
61718,59,83,2019,11,13,11.7,2019-11-13
66771,59,83,2019,11,14,7.4,2019-11-14
71824,59,83,2019,11,15,6.2,2019-11-15
76877,59,83,2019,11,16,6.1,2019-11-16
81930,59,83,2019,11,17,5.8,2019-11-17
86983,59,83,2019,11,18,6.3,2019-11-18
92036,59,83,2019,11,19,4.9,2019-11-19
97089,59,83,2019,11,20,4.4,2019-11-20
102142,59,83,2019,11,21,7.1,2019-11-21
107195,59,83,2019,11,22,8.8,2019-11-22
112248,59,83,2019,11,23,8.9,2019-11-23
117301,59,83,2019,11,24,8.7,2019-11-24
122354,59,83,2019,11,25,11.5,2019-11-25
127407,59,83,2019,11,26,11.0,2019-11-26
132460,59,83,2019,11,27,11.2,2019-11-27
137513,59,83,2019,11,28,10.1,2019-11-28
142566,59,83,2019,11,29,12.6,2019-11-29
147619,59,83,2019,11,30,11.9,2019-11-30
1083,59,83,2019,12,1,6.9,2019-12-01
6136,59,83,2019,12,2,7.0,2019-12-02
11189,59,83,2019,12,3,5.3,2019-12-03
16242,59,83,2019,12,4,7.5,2019-12-04
21295,59,83,2019,12,5,8.7,2019-12-05
26348,59,83,2019,12,6,8.8,2019-12-06
31401,59,83,2019,12,7,7.1,2019-12-07
36454,59,83,2019,12,8,4.8,2019-12-08
41507,59,83,2019,12,9,7.0,2019-12-09
46560,59,83,2019,12,10,3.9,2019-12-10
51613,59,83,2019,12,11,5.3,2019-12-11
56666,59,83,2019,12,12,6.9,2019-12-12
61719,59,83,2019,12,13,12.5,2019-12-13
66772,59,83,2019,12,14,8.6,2019-12-14
71825,59,83,2019,12,15,8.2,2019-12-15
76878,59,83,2019,12,16,9.5,2019-12-16
81931,59,83,2019,12,17,9.0,2019-12-17
86984,59,83,2019,12,18,6.4,2019-12-18
92037,59,83,2019,12,19,9.7,2019-12-19
97090,59,83,2019,12,20,11.9,2019-12-20
102143,59,83,2019,12,21,13.1,2019-12-21
107196,59,83,2019,12,22,10.9,2019-12-22
112249,59,83,2019,12,23,8.6,2019-12-23
117302,59,83,2019,12,24,7.6,2019-12-24
122355,59,83,2019,12,25,9.1,2019-12-25
127408,59,83,2019,12,26,8.8,2019-12-26
132461,59,83,2019,12,27,6.1,2019-12-27
137514,59,83,2019,12,28,6.6,2019-12-28
142567,59,83,2019,12,29,5.8,2019-12-29
147620,59,83,2019,12,30,5.3,2019-12-30
152673,59,83,2019,12,31,5.5,2019-12-31
2162,59,83,2020,1,1,4.8,2020-01-01
7215,59,83,2020,1,2,4.7,2020-01-02
12268,59,83,2020,1,3,2.3,2020-01-03
17321,59,83,2020,1,4,4.8,2020-01-04
22374,59,83,2020,1,5,4.6,2020-01-05
27427,59,83,2020,1,6,5.2,2020-01-06
32480,59,83,2020,1,7,5.4,2020-01-07
37533,59,83,2020,1,8,6.6,2020-01-08
42586,59,83,2020,1,9,6.9,2020-01-09
47639,59,83,2020,1,10,6.1,2020-01-10
52692,59,83,2020,1,11,4.1,2020-01-11
57745,59,83,2020,1,12,2.3,2020-01-12
62798,59,83,2020,1,13,1.8,2020-01-13
67851,59,83,2020,1,14,2.1,2020-01-14
72904,59,83,2020,1,15,4.9,2020-01-15
77957,59,83,2020,1,16,8.4,2020-01-16
83010,59,83,2020,1,17,8.7,2020-01-17
88063,59,83,2020,1,18,6.0,2020-01-18
93116,59,83,2020,1,19,6.0,2020-01-19
98169,59,83,2020,1,20,3.3,2020-01-20
103222,59,83,2020,1,21,4.4,2020-01-21
108275,59,83,2020,1,22,5.8,2020-01-22
113328,59,83,2020,1,23,5.7,2020-01-23
118381,59,83,2020,1,24,6.8,2020-01-24
123434,59,83,2020,1,25,7.0,2020-01-25
128487,59,83,2020,1,26,6.5,2020-01-26
133540,59,83,2020,1,27,5.5,2020-01-27
138593,59,83,2020,1,28,10.2,2020-01-28
143646,59,83,2020,1,29,11.2,2020-01-29
148699,59,83,2020,1,30,9.9,2020-01-30
153752,59,83,2020,1,31,11.6,2020-01-31
2163,59,83,2020,2,1,13.3,2020-02-01
7216,59,83,2020,2,2,11.4,2020-02-02
12269,59,83,2020,2,3,11.5,2020-02-03
17322,59,83,2020,2,4,10.8,2020-02-04
22375,59,83,2020,2,5,7.9,2020-02-05
27428,59,83,2020,2,6,5.7,2020-02-06
32481,59,83,2020,2,7,7.6,2020-02-07
37534,59,83,2020,2,8,7.1,2020-02-08
42587,59,83,2020,2,9,8.1,2020-02-09
47640,59,83,2020,2,10,9.0,2020-02-10
52693,59,83,2020,2,11,8.5,2020-02-11
57746,59,83,2020,2,12,9.4,2020-02-12
62799,59,83,2020,2,13,10.9,2020-02-13
67852,59,83,2020,2,14,8.6,2020-02-14
72905,59,83,2020,2,15,8.8,2020-02-15
77958,59,83,2020,2,16,9.9,2020-02-16
83011,59,83,2020,2,17,9.1,2020-02-17
88064,59,83,2020,2,18,8.1,2020-02-18
93117,59,83,2020,2,19,7.8,2020-02-19
98170,59,83,2020,2,20,8.1,2020-02-20
103223,59,83,2020,2,21,10.2,2020-02-21
108276,59,83,2020,2,22,11.0,2020-02-22
113329,59,83,2020,2,23,11.9,2020-02-23
118382,59,83,2020,2,24,11.9,2020-02-24
123435,59,83,2020,2,25,10.1,2020-02-25
128488,59,83,2020,2,26,10.9,2020-02-26
133541,59,83,2020,2,27,11.9,2020-02-27
138594,59,83,2020,2,28,11.5,2020-02-28
143647,59,83,2020,2,29,10.2,2020-02-29
2164,59,83,2020,3,1,10.3,2020-03-01
7217,59,83,2020,3,2,9.7,2020-03-02
12270,59,83,2020,3,3,9.6,2020-03-03
17323,59,83,2020,3,4,13.5,2020-03-04
22376,59,83,2020,3,5,11.7,2020-03-05
27429,59,83,2020,3,6,8.6,2020-03-06
32482,59,83,2020,3,7,8.7,2020-03-07
37535,59,83,2020,3,8,9.1,2020-03-08
42588,59,83,2020,3,9,11.5,2020-03-09
47641,59,83,2020,3,10,13.6,2020-03-10
52694,59,83,2020,3,11,15.3,2020-03-11
57747,59,83,2020,3,12,16.5,2020-03-12
62800,59,83,2020,3,13,15.7,2020-03-13
67853,59,83,2020,3,14,14.7,2020-03-14
72906,59,83,2020,3,15,12.7,2020-03-15
77959,59,83,2020,3,16,5.9,2020-03-16
83012,59,83,2020,3,17,9.5,2020-03-17
88065,59,83,2020,3,18,12.3,2020-03-18
93118,59,83,2020,3,19,12.2,2020-03-19
98171,59,83,2020,3,20,10.6,2020-03-20
103224,59,83,2020,3,21,8.3,2020-03-21
108277,59,83,2020,3,22,8.5,2020-03-22
113330,59,83,2020,3,23,9.5,2020-03-23
118383,59,83,2020,3,24,10.9,2020-03-24
123436,59,83,2020,3,25,11.4,2020-03-25
128489,59,83,2020,3,26,9.1,2020-03-26
133542,59,83,2020,3,27,5.7,2020-03-27
138595,59,83,2020,3,28,8.5,2020-03-28
143648,59,83,2020,3,29,11.5,2020-03-29
148701,59,83,2020,3,30,5.1,2020-03-30
153754,59,83,2020,3,31,3.6,2020-03-31
2165,59,83,2020,4,1,9.1,2020-04-01
7218,59,83,2020,4,2,8.4,2020-04-02
12271,59,83,2020,4,3,10.4,2020-04-03
17324,59,83,2020,4,4,10.7,2020-04-04
22377,59,83,2020,4,5,13.8,2020-04-05
27430,59,83,2020,4,6,14.6,2020-04-06
32483,59,83,2020,4,7,13.7,2020-04-07
37536,59,83,2020,4,8,15.8,2020-04-08
42589,59,83,2020,4,9,13.1,2020-04-09
47642,59,83,2020,4,10,11.7,2020-04-10
52695,59,83,2020,4,11,14.1,2020-04-11
57748,59,83,2020,4,12,14.7,2020-04-12
62801,59,83,2020,4,13,12.5,2020-04-13
67854,59,83,2020,4,14,12.3,2020-04-14
72907,59,83,2020,4,15,12.0,2020-04-15
77960,59,83,2020,4,16,13.2,2020-04-16
83013,59,83,2020,4,17,14.4,2020-04-17
88066,59,83,2020,4,18,14.5,2020-04-18
93119,59,83,2020,4,19,13.6,2020-04-19
98172,59,83,2020,4,20,13.0,2020-04-20
103225,59,83,2020,4,21,11.4,2020-04-21
108278,59,83,2020,4,22,14.3,2020-04-22
113331,59,83,2020,4,23,15.0,2020-04-23
118384,59,83,2020,4,24,16.4,2020-04-24
123437,59,83,2020,4,25,16.0,2020-04-25
128490,59,83,2020,4,26,15.0,2020-04-26
133543,59,83,2020,4,27,13.2,2020-04-27
138596,59,83,2020,4,28,12.5,2020-04-28
143649,59,83,2020,4,29,13.6,2020-04-29
148702,59,83,2020,4,30,14.2,2020-04-30
2166,59,83,2020,5,1,15.8,2020-05-01
7219,59,83,2020,5,2,18.9,2020-05-02
12272,59,83,2020,5,3,20.3,2020-05-03
17325,59,83,2020,5,4,21.0,2020-05-04
22378,59,83,2020,5,5,19.2,2020-05-05
27431,59,83,2020,5,6,17.1,2020-05-06
32484,59,83,2020,5,7,19.0,2020-05-07
37537,59,83,2020,5,8,20.8,2020-05-08
42590,59,83,2020,5,9,19.0,2020-05-09
47643,59,83,2020,5,10,14.4,2020-05-10
52696,59,83,2020,5,11,14.6,2020-05-11
57749,59,83,2020,5,12,12.5,2020-05-12
62802,59,83,2020,5,13,13.7,2020-05-13
67855,59,83,2020,5,14,12.0,2020-05-14
72908,59,83,2020,5,15,12.8,2020-05-15
77961,59,83,2020,5,16,13.7,2020-05-16
83014,59,83,2020,5,17,15.7,2020-05-17
88067,59,83,2020,5,18,18.7,2020-05-18
93120,59,83,2020,5,19,20.4,2020-05-19
98173,59,83,2020,5,20,22.2,2020-05-20
103226,59,83,2020,5,21,23.0,2020-05-21
108279,59,83,2020,5,22,24.0,2020-05-22
113332,59,83,2020,5,23,24.7,2020-05-23
118385,59,83,2020,5,24,22.9,2020-05-24
123438,59,83,2020,5,25,21.5,2020-05-25
128491,59,83,2020,5,26,19.7,2020-05-26
133544,59,83,2020,5,27,22.0,2020-05-27
138597,59,83,2020,5,28,22.1,2020-05-28
143650,59,83,2020,5,29,22.7,2020-05-29
148703,59,83,2020,5,30,23.5,2020-05-30
153756,59,83,2020,5,31,21.3,2020-05-31
2167,59,83,2020,6,1,21.4,2020-06-01
7220,59,83,2020,6,2,23.0,2020-06-02
12273,59,83,2020,6,3,21.8,2020-06-03
17326,59,83,2020,6,4,18.4,2020-06-04
22379,59,83,2020,6,5,19.7,2020-06-05
27432,59,83,2020,6,6,21.6,2020-06-06
32485,59,83,2020,6,7,19.0,2020-06-07
37538,59,83,2020,6,8,15.4,2020-06-08
42591,59,83,2020,6,9,15.7,2020-06-09
47644,59,83,2020,6,10,18.1,2020-06-10
52697,59,83,2020,6,11,19.4,2020-06-11
57750,59,83,2020,6,12,15.0,2020-06-12
62803,59,83,2020,6,13,16.6,2020-06-13
67856,59,83,2020,6,14,19.3,2020-06-14
72909,59,83,2020,6,15,20.9,2020-06-15
77962,59,83,2020,6,16,20.3,2020-06-16
83015,59,83,2020,6,17,20.2,2020-06-17
88068,59,83,2020,6,18,21.4,2020-06-18
93121,59,83,2020,6,19,22.4,2020-06-19
98174,59,83,2020,6,20,24.6,2020-06-20
103227,59,83,2020,6,21,26.1,2020-06-21
108280,59,83,2020,6,22,26.2,2020-06-22
113333,59,83,2020,6,23,27.8,2020-06-23
118386,59,83,2020,6,24,26.3,2020-06-24
123439,59,83,2020,6,25,26.5,2020-06-25
128492,59,83,2020,6,26,24.8,2020-06-26
133545,59,83,2020,6,27,25.2,2020-06-27
138598,59,83,2020,6,28,27.0,2020-06-28
143651,59,83,2020,6,29,28.4,2020-06-29
148704,59,83,2020,6,30,28.9,2020-06-30
2168,59,83,2020,7,1,28.5,2020-07-01
7221,59,83,2020,7,2,26.6,2020-07-02
12274,59,83,2020,7,3,23.6,2020-07-03
17327,59,83,2020,7,4,25.7,2020-07-04
22380,59,83,2020,7,5,27.3,2020-07-05
27433,59,83,2020,7,6,28.9,2020-07-06
32486,59,83,2020,7,7,29.2,2020-07-07
37539,59,83,2020,7,8,28.3,2020-07-08
42592,59,83,2020,7,9,24.7,2020-07-09
47645,59,83,2020,7,10,25.1,2020-07-10
52698,59,83,2020,7,11,27.8,2020-07-11
57751,59,83,2020,7,12,25.7,2020-07-12
62804,59,83,2020,7,13,25.7,2020-07-13
67857,59,83,2020,7,14,25.0,2020-07-14
72910,59,83,2020,7,15,24.6,2020-07-15
77963,59,83,2020,7,16,26.1,2020-07-16
83016,59,83,2020,7,17,26.9,2020-07-17
88069,59,83,2020,7,18,26.3,2020-07-18
93122,59,83,2020,7,19,27.9,2020-07-19
98175,59,83,2020,7,20,28.2,2020-07-20
103228,59,83,2020,7,21,28.3,2020-07-21
108281,59,83,2020,7,22,26.6,2020-07-22
113334,59,83,2020,7,23,28.7,2020-07-23
118387,59,83,2020,7,24,29.3,2020-07-24
123440,59,83,2020,7,25,28.7,2020-07-25
128493,59,83,2020,7,26,30.0,2020-07-26
133546,59,83,2020,7,27,30.9,2020-07-27
138599,59,83,2020,7,28,30.9,2020-07-28
143652,59,83,2020,7,29,30.1,2020-07-29
148705,59,83,2020,7,30,31.0,2020-07-30
153758,59,83,2020,7,31,29.8,2020-07-31
2169,59,83,2020,8,1,30.1,2020-08-01
7222,59,83,2020,8,2,27.5,2020-08-02
12275,59,83,2020,8,3,25.0,2020-08-03
17328,59,83,2020,8,4,24.7,2020-08-04
22381,59,83,2020,8,5,27.3,2020-08-05
27434,59,83,2020,8,6,29.3,2020-08-06
32487,59,83,2020,8,7,30.7,2020-08-07
37540,59,83,2020,8,8,29.7,2020-08-08
42593,59,83,2020,8,9,29.9,2020-08-09
47646,59,83,2020,8,10,27.1,2020-08-10
52699,59,83,2020,8,11,20.0,2020-08-11
57752,59,83,2020,8,12,20.5,2020-08-12
62805,59,83,2020,8,13,23.3,2020-08-13
67858,59,83,2020,8,14,25.0,2020-08-14
72911,59,83,2020,8,15,23.9,2020-08-15
77964,59,83,2020,8,16,22.1,2020-08-16
83017,59,83,2020,8,17,22.5,2020-08-17
88070,59,83,2020,8,18,24.6,2020-08-18
93123,59,83,2020,8,19,25.7,2020-08-19
98176,59,83,2020,8,20,25.3,2020-08-20
103229,59,83,2020,8,21,26.1,2020-08-21
108282,59,83,2020,8,22,25.9,2020-08-22
113335,59,83,2020,8,23,25.5,2020-08-23
118388,59,83,2020,8,24,25.6,2020-08-24
123441,59,83,2020,8,25,27.0,2020-08-25
128494,59,83,2020,8,26,28.0,2020-08-26
133547,59,83,2020,8,27,28.4,2020-08-27
138600,59,83,2020,8,28,26.4,2020-08-28
143653,59,83,2020,8,29,18.4,2020-08-29
148706,59,83,2020,8,30,16.5,2020-08-30
153759,59,83,2020,8,31,17.7,2020-08-31
2170,59,83,2020,9,1,19.6,2020-09-01
7223,59,83,2020,9,2,21.5,2020-09-02
12276,59,83,2020,9,3,22.8,2020-09-03
17329,59,83,2020,9,4,24.1,2020-09-04
22382,59,83,2020,9,5,24.5,2020-09-05
27435,59,83,2020,9,6,25.1,2020-09-06
32488,59,83,2020,9,7,19.7,2020-09-07
37541,59,83,2020,9,8,18.8,2020-09-08
42594,59,83,2020,9,9,20.9,2020-09-09
47647,59,83,2020,9,10,23.2,2020-09-10
52700,59,83,2020,9,11,23.8,2020-09-11
57753,59,83,2020,9,12,24.4,2020-09-12
62806,59,83,2020,9,13,24.5,2020-09-13
67859,59,83,2020,9,14,24.0,2020-09-14
72912,59,83,2020,9,15,23.3,2020-09-15
77965,59,83,2020,9,16,22.7,2020-09-16
83018,59,83,2020,9,17,21.3,2020-09-17
88071,59,83,2020,9,18,17.2,2020-09-18
93124,59,83,2020,9,19,16.2,2020-09-19
98177,59,83,2020,9,20,18.0,2020-09-20
103230,59,83,2020,9,21,18.3,2020-09-21
108283,59,83,2020,9,22,18.5,2020-09-22
113336,59,83,2020,9,23,19.4,2020-09-23
118389,59,83,2020,9,24,18.3,2020-09-24
123442,59,83,2020,9,25,15.2,2020-09-25
128495,59,83,2020,9,26,14.9,2020-09-26
133548,59,83,2020,9,27,16.6,2020-09-27
138601,59,83,2020,9,28,14.7,2020-09-28
143654,59,83,2020,9,29,17.3,2020-09-29
148707,59,83,2020,9,30,18.4,2020-09-30
2171,59,83,2020,10,1,18.0,2020-10-01
7224,59,83,2020,10,2,13.1,2020-10-02
12277,59,83,2020,10,3,12.1,2020-10-03
17330,59,83,2020,10,4,13.0,2020-10-04
22383,59,83,2020,10,5,14.8,2020-10-05
27436,59,83,2020,10,6,16.8,2020-10-06
32489,59,83,2020,10,7,18.4,2020-10-07
37542,59,83,2020,10,8,18.0,2020-10-08
42595,59,83,2020,10,9,18.5,2020-10-09
47648,59,83,2020,10,10,17.0,2020-10-10
52701,59,83,2020,10,11,12.4,2020-10-11
57754,59,83,2020,10,12,12.6,2020-10-12
62807,59,83,2020,10,13,14.9,2020-10-13
67860,59,83,2020,10,14,13.5,2020-10-14
72913,59,83,2020,10,15,11.0,2020-10-15
77966,59,83,2020,10,16,9.4,2020-10-16
83019,59,83,2020,10,17,10.0,2020-10-17
88072,59,83,2020,10,18,12.3,2020-10-18
93125,59,83,2020,10,19,14.4,2020-10-19
98178,59,83,2020,10,20,15.0,2020-10-20
103231,59,83,2020,10,21,14.7,2020-10-21
108284,59,83,2020,10,22,13.7,2020-10-22
113337,59,83,2020,10,23,11.6,2020-10-23
118390,59,83,2020,10,24,10.1,2020-10-24
123443,59,83,2020,10,25,11.1,2020-10-25
128496,59,83,2020,10,26,9.8,2020-10-26
133549,59,83,2020,10,27,11.1,2020-10-27
138602,59,83,2020,10,28,10.1,2020-10-28
143655,59,83,2020,10,29,11.9,2020-10-29
148708,59,83,2020,10,30,11.2,2020-10-30
153761,59,83,2020,10,31,13.4,2020-10-31
2172,59,83,2020,11,1,14.0,2020-11-01
7225,59,83,2020,11,2,14.4,2020-11-02
12278,59,83,2020,11,3,12.5,2020-11-03
17331,59,83,2020,11,4,8.4,2020-11-04
22384,59,83,2020,11,5,10.0,2020-11-05
27437,59,83,2020,11,6,13.9,2020-11-06
32490,59,83,2020,11,7,12.0,2020-11-07
37543,59,83,2020,11,8,11.0,2020-11-08
42596,59,83,2020,11,9,11.2,2020-11-09
47649,59,83,2020,11,10,10.8,2020-11-10
52702,59,83,2020,11,11,9.9,2020-11-11
57755,59,83,2020,11,12,10.3,2020-11-12
62808,59,83,2020,11,13,10.9,2020-11-13
67861,59,83,2020,11,14,11.0,2020-11-14
72914,59,83,2020,11,15,13.4,2020-11-15
77967,59,83,2020,11,16,13.8,2020-11-16
83020,59,83,2020,11,17,10.4,2020-11-17
88073,59,83,2020,11,18,9.7,2020-11-18
93126,59,83,2020,11,19,12.8,2020-11-19
98179,59,83,2020,11,20,10.2,2020-11-20
103232,59,83,2020,11,21,8.5,2020-11-21
108285,59,83,2020,11,22,7.3,2020-11-22
113338,59,83,2020,11,23,8.0,2020-11-23
118391,59,83,2020,11,24,6.7,2020-11-24
123444,59,83,2020,11,25,7.2,2020-11-25
128497,59,83,2020,11,26,9.5,2020-11-26
133550,59,83,2020,11,27,8.5,2020-11-27
138603,59,83,2020,11,28,8.7,2020-11-28
143656,59,83,2020,11,29,7.2,2020-11-29
148709,59,83,2020,11,30,7.6,2020-11-30
2173,59,83,2020,12,1,9.0,2020-12-01
7226,59,83,2020,12,2,7.7,2020-12-02
12279,59,83,2020,12,3,4.0,2020-12-03
17332,59,83,2020,12,4,5.5,2020-12-04
22385,59,83,2020,12,5,4.4,2020-12-05
27438,59,83,2020,12,6,4.9,2020-12-06
32491,59,83,2020,12,7,8.2,2020-12-07
37544,59,83,2020,12,8,6.8,2020-12-08
42597,59,83,2020,12,9,5.9,2020-12-09
47650,59,83,2020,12,10,9.8,2020-12-10
52703,59,83,2020,12,11,13.5,2020-12-11
57756,59,83,2020,12,12,10.9,2020-12-12
62809,59,83,2020,12,13,7.4,2020-12-13
67862,59,83,2020,12,14,9.5,2020-12-14
72915,59,83,2020,12,15,8.8,2020-12-15
77968,59,83,2020,12,16,6.9,2020-12-16
83021,59,83,2020,12,17,9.6,2020-12-17
88074,59,83,2020,12,18,6.9,2020-12-18
93127,59,83,2020,12,19,7.5,2020-12-19
98180,59,83,2020,12,20,7.6,2020-12-20
103233,59,83,2020,12,21,7.1,2020-12-21
108286,59,83,2020,12,22,7.4,2020-12-22
113339,59,83,2020,12,23,7.0,2020-12-23
118392,59,83,2020,12,24,7.9,2020-12-24
123445,59,83,2020,12,25,4.0,2020-12-25
128498,59,83,2020,12,26,3.1,2020-12-26
133551,59,83,2020,12,27,1.9,2020-12-27
138604,59,83,2020,12,28,6.4,2020-12-28
143657,59,83,2020,12,29,4.4,2020-12-29
148710,59,83,2020,12,30,4.2,2020-12-30
153763,59,83,2020,12,31,2.5,2020-12-31
3214,59,83,2021,1,1,3.6,2021-01-01
8267,59,83,2021,1,2,1.3,2021-01-02
13320,59,83,2021,1,3,1.9,2021-01-03
18373,59,83,2021,1,4,3.4,2021-01-04
23426,59,83,2021,1,5,0.5,2021-01-05
28479,59,83,2021,1,6,0.0,2021-01-06
33532,59,83,2021,1,7,-0.7,2021-01-07
38585,59,83,2021,1,8,-1.9,2021-01-08
43638,59,83,2021,1,9,-1.2,2021-01-09
48691,59,83,2021,1,10,0.8,2021-01-10
53744,59,83,2021,1,11,-1.3,2021-01-11
58797,59,83,2021,1,12,-4.9,2021-01-12
63850,59,83,2021,1,13,-3.4,2021-01-13
68903,59,83,2021,1,14,-1.6,2021-01-14
73956,59,83,2021,1,15,0.5,2021-01-15
79009,59,83,2021,1,16,0.4,2021-01-16
84062,59,83,2021,1,17,0.5,2021-01-17
89115,59,83,2021,1,18,2.4,2021-01-18
94168,59,83,2021,1,19,1.4,2021-01-19
99221,59,83,2021,1,20,2.3,2021-01-20
104274,59,83,2021,1,21,8.2,2021-01-21
109327,59,83,2021,1,22,8.0,2021-01-22
114380,59,83,2021,1,23,6.3,2021-01-23
119433,59,83,2021,1,24,9.9,2021-01-24
124486,59,83,2021,1,25,10.5,2021-01-25
129539,59,83,2021,1,26,10.9,2021-01-26
134592,59,83,2021,1,27,13.3,2021-01-27
139645,59,83,2021,1,28,10.7,2021-01-28
144698,59,83,2021,1,29,9.8,2021-01-29
149751,59,83,2021,1,30,10.1,2021-01-30
154804,59,83,2021,1,31,10.4,2021-01-31
3215,59,83,2021,2,1,11.9,2021-02-01
8268,59,83,2021,2,2,10.1,2021-02-02
13321,59,83,2021,2,3,9.7,2021-02-03
18374,59,83,2021,2,4,10.5,2021-02-04
23427,59,83,2021,2,5,10.8,2021-02-05
28480,59,83,2021,2,6,8.8,2021-02-06
33533,59,83,2021,2,7,7.3,2021-02-07
38586,59,83,2021,2,8,7.6,2021-02-08
43639,59,83,2021,2,9,6.9,2021-02-09
48692,59,83,2021,2,10,9.5,2021-02-10
53745,59,83,2021,2,11,9.2,2021-02-11
58798,59,83,2021,2,12,11.1,2021-02-12
63851,59,83,2021,2,13,9.9,2021-02-13
68904,59,83,2021,2,14,9.1,2021-02-14
73957,59,83,2021,2,15,9.0,2021-02-15
79010,59,83,2021,2,16,8.9,2021-02-16
84063,59,83,2021,2,17,10.0,2021-02-17
89116,59,83,2021,2,18,9.5,2021-02-18
94169,59,83,2021,2,19,9.8,2021-02-19
99222,59,83,2021,2,20,10.7,2021-02-20
104275,59,83,2021,2,21,9.2,2021-02-21
109328,59,83,2021,2,22,7.6,2021-02-22
114381,59,83,2021,2,23,7.5,2021-02-23
119434,59,83,2021,2,24,8.3,2021-02-24
124487,59,83,2021,2,25,8.6,2021-02-25
129540,59,83,2021,2,26,10.2,2021-02-26
134593,59,83,2021,2,27,11.3,2021-02-27
139646,59,83,2021,2,28,8.8,2021-02-28
3216,59,83,2021,3,1,7.8,2021-03-01
8269,59,83,2021,3,2,10.3,2021-03-02
13322,59,83,2021,3,3,10.5,2021-03-03
18375,59,83,2021,3,4,8.4,2021-03-04
23428,59,83,2021,3,5,9.5,2021-03-05
28481,59,83,2021,3,6,11.0,2021-03-06
33534,59,83,2021,3,7,9.9,2021-03-07
38587,59,83,2021,3,8,8.3,2021-03-08
43640,59,83,2021,3,9,8.1,2021-03-09
48693,59,83,2021,3,10,8.0,2021-03-10
53746,59,83,2021,3,11,11.2,2021-03-11
58799,59,83,2021,3,12,11.1,2021-03-12
63852,59,83,2021,3,13,8.6,2021-03-13
68905,59,83,2021,3,14,9.2,2021-03-14
73958,59,83,2021,3,15,10.0,2021-03-15
79011,59,83,2021,3,16,10.5,2021-03-16
84064,59,83,2021,3,17,11.4,2021-03-17
89117,59,83,2021,3,18,7.5,2021-03-18
94170,59,83,2021,3,19,6.7,2021-03-19
99223,59,83,2021,3,20,5.7,2021-03-20
104276,59,83,2021,3,21,7.2,2021-03-21
109329,59,83,2021,3,22,8.8,2021-03-22
114382,59,83,2021,3,23,10.6,2021-03-23
119435,59,83,2021,3,24,12.2,2021-03-24
124488,59,83,2021,3,25,12.7,2021-03-25
129541,59,83,2021,3,26,12.5,2021-03-26
134594,59,83,2021,3,27,11.4,2021-03-27
139647,59,83,2021,3,28,13.1,2021-03-28
144700,59,83,2021,3,29,14.0,2021-03-29
149753,59,83,2021,3,30,14.4,2021-03-30
154806,59,83,2021,3,31,14.8,2021-03-31
3217,59,83,2021,4,1,15.7,2021-04-01
8270,59,83,2021,4,2,13.2,2021-04-02
13323,59,83,2021,4,3,12.3,2021-04-03
18376,59,83,2021,4,4,12.6,2021-04-04
23429,59,83,2021,4,5,13.9,2021-04-05
28482,59,83,2021,4,6,15.2,2021-04-06
33535,59,83,2021,4,7,11.8,2021-04-07
38588,59,83,2021,4,8,12.3,2021-04-08
43641,59,83,2021,4,9,10.1,2021-04-09
48694,59,83,2021,4,10,12.1,2021-04-10
53747,59,83,2021,4,11,11.9,2021-04-11
58800,59,83,2021,4,12,9.4,2021-04-12
63853,59,83,2021,4,13,10.4,2021-04-13
68906,59,83,2021,4,14,13.9,2021-04-14
73959,59,83,2021,4,15,13.0,2021-04-15
79012,59,83,2021,4,16,11.8,2021-04-16
84065,59,83,2021,4,17,8.9,2021-04-17
89118,59,83,2021,4,18,10.7,2021-04-18
94171,59,83,2021,4,19,13.4,2021-04-19
99224,59,83,2021,4,20,13.5,2021-04-20
104277,59,83,2021,4,21,12.7,2021-04-21
109330,59,83,2021,4,22,12.4,2021-04-22
114383,59,83,2021,4,23,12.9,2021-04-23
119436,59,83,2021,4,24,12.3,2021-04-24
124489,59,83,2021,4,25,10.6,2021-04-25
129542,59,83,2021,4,26,13.7,2021-04-26
134595,59,83,2021,4,27,13.5,2021-04-27
139648,59,83,2021,4,28,13.4,2021-04-28
144701,59,83,2021,4,29,13.2,2021-04-29
149754,59,83,2021,4,30,11.6,2021-04-30
3218,59,83,2021,5,1,11.8,2021-05-01
8271,59,83,2021,5,2,12.3,2021-05-02
13324,59,83,2021,5,3,12.4,2021-05-03
18377,59,83,2021,5,4,14.4,2021-05-04
23430,59,83,2021,5,5,17.4,2021-05-05
28483,59,83,2021,5,6,18.4,2021-05-06
33536,59,83,2021,5,7,20.4,2021-05-07
38589,59,83,2021,5,8,20.2,2021-05-08
43642,59,83,2021,5,9,15.9,2021-05-09
48695,59,83,2021,5,10,11.9,2021-05-10
53748,59,83,2021,5,11,12.0,2021-05-11
58801,59,83,2021,5,12,14.4,2021-05-12
63854,59,83,2021,5,13,14.9,2021-05-13
68907,59,83,2021,5,14,16.7,2021-05-14
73960,59,83,2021,5,15,19.6,2021-05-15
79013,59,83,2021,5,16,20.4,2021-05-16
84066,59,83,2021,5,17,19.4,2021-05-17
89119,59,83,2021,5,18,19.7,2021-05-18
94172,59,83,2021,5,19,18.4,2021-05-19
99225,59,83,2021,5,20,19.5,2021-05-20
104278,59,83,2021,5,21,21.6,2021-05-21
109331,59,83,2021,5,22,17.7,2021-05-22
114384,59,83,2021,5,23,13.6,2021-05-23
119437,59,83,2021,5,24,16.3,2021-05-24
124490,59,83,2021,5,25,18.1,2021-05-25
129543,59,83,2021,5,26,19.9,2021-05-26
134596,59,83,2021,5,27,20.6,2021-05-27
139649,59,83,2021,5,28,20.5,2021-05-28
144702,59,83,2021,5,29,22.4,2021-05-29
149755,59,83,2021,5,30,23.8,2021-05-30
154808,59,83,2021,5,31,22.9,2021-05-31
3219,59,83,2021,6,1,19.4,2021-06-01
8272,59,83,2021,6,2,19.4,2021-06-02
13325,59,83,2021,6,3,22.4,2021-06-03
18378,59,83,2021,6,4,22.4,2021-06-04
23431,59,83,2021,6,5,17.8,2021-06-05
28484,59,83,2021,6,6,21.0,2021-06-06
33537,59,83,2021,6,7,23.9,2021-06-07
38590,59,83,2021,6,8,25.6,2021-06-08
43643,59,83,2021,6,9,26.3,2021-06-09
48696,59,83,2021,6,10,26.5,2021-06-10
53749,59,83,2021,6,11,24.3,2021-06-11
58802,59,83,2021,6,12,22.9,2021-06-12
63855,59,83,2021,6,13,24.6,2021-06-13
68908,59,83,2021,6,14,25.9,2021-06-14
73961,59,83,2021,6,15,26.0,2021-06-15
79014,59,83,2021,6,16,24.0,2021-06-16
84067,59,83,2021,6,17,17.4,2021-06-17
89120,59,83,2021,6,18,19.1,2021-06-18
94173,59,83,2021,6,19,19.2,2021-06-19
99226,59,83,2021,6,20,17.2,2021-06-20
104279,59,83,2021,6,21,17.5,2021-06-21
109332,59,83,2021,6,22,17.6,2021-06-22
114385,59,83,2021,6,23,18.3,2021-06-23
119438,59,83,2021,6,24,20.1,2021-06-24
124491,59,83,2021,6,25,23.3,2021-06-25
129544,59,83,2021,6,26,25.2,2021-06-26
134597,59,83,2021,6,27,24.0,2021-06-27
139650,59,83,2021,6,28,21.3,2021-06-28
144703,59,83,2021,6,29,22.4,2021-06-29
149756,59,83,2021,6,30,24.5,2021-06-30
3220,59,83,2021,7,1,25.8,2021-07-01
8273,59,83,2021,7,2,26.3,2021-07-02
13326,59,83,2021,7,3,26.0,2021-07-03
18379,59,83,2021,7,4,25.8,2021-07-04
23432,59,83,2021,7,5,26.3,2021-07-05
28485,59,83,2021,7,6,20.5,2021-07-06
33538,59,83,2021,7,7,19.5,2021-07-07
38591,59,83,2021,7,8,21.3,2021-07-08
43644,59,83,2021,7,9,24.6,2021-07-09
48697,59,83,2021,7,10,28.0,2021-07-10
53750,59,83,2021,7,11,29.3,2021-07-11
58803,59,83,2021,7,12,23.9,2021-07-12
63856,59,83,2021,7,13,19.9,2021-07-13
68909,59,83,2021,7,14,21.2,2021-07-14
73962,59,83,2021,7,15,23.2,2021-07-15
79015,59,83,2021,7,16,26.5,2021-07-16
84068,59,83,2021,7,17,28.7,2021-07-17
89121,59,83,2021,7,18,28.7,2021-07-18
94174,59,83,2021,7,19,27.6,2021-07-19
99227,59,83,2021,7,20,28.2,2021-07-20
104280,59,83,2021,7,21,28.3,2021-07-21
109333,59,83,2021,7,22,29.0,2021-07-22
114386,59,83,2021,7,23,26.7,2021-07-23
119439,59,83,2021,7,24,24.9,2021-07-24
124492,59,83,2021,7,25,24.0,2021-07-25
129545,59,83,2021,7,26,22.6,2021-07-26
134598,59,83,2021,7,27,26.1,2021-07-27
139651,59,83,2021,7,28,27.5,2021-07-28
144704,59,83,2021,7,29,28.3,2021-07-29
149757,59,83,2021,7,30,28.2,2021-07-30
154810,59,83,2021,7,31,22.4,2021-07-31
3221,59,83,2021,8,1,19.4,2021-08-01
8274,59,83,2021,8,2,22.2,2021-08-02
13327,59,83,2021,8,3,24.3,2021-08-03
18380,59,83,2021,8,4,26.4,2021-08-04
23433,59,83,2021,8,5,26.7,2021-08-05
28486,59,83,2021,8,6,26.3,2021-08-06
33539,59,83,2021,8,7,24.0,2021-08-07
38592,59,83,2021,8,8,23.2,2021-08-08
43645,59,83,2021,8,9,26.4,2021-08-09
48698,59,83,2021,8,10,28.2,2021-08-10
53751,59,83,2021,8,11,30.0,2021-08-11
58804,59,83,2021,8,12,29.4,2021-08-12
63857,59,83,2021,8,13,31.1,2021-08-13
68910,59,83,2021,8,14,31.9,2021-08-14
73963,59,83,2021,8,15,30.9,2021-08-15
79016,59,83,2021,8,16,27.7,2021-08-16
84069,59,83,2021,8,17,24.2,2021-08-17
89122,59,83,2021,8,18,25.3,2021-08-18
94175,59,83,2021,8,19,26.0,2021-08-19
99228,59,83,2021,8,20,26.3,2021-08-20
104281,59,83,2021,8,21,26.4,2021-08-21
109334,59,83,2021,8,22,27.3,2021-08-22
114387,59,83,2021,8,23,28.0,2021-08-23
119440,59,83,2021,8,24,25.2,2021-08-24
124493,59,83,2021,8,25,24.1,2021-08-25
129546,59,83,2021,8,26,25.2,2021-08-26
134599,59,83,2021,8,27,26.6,2021-08-27
139652,59,83,2021,8,28,26.1,2021-08-28
144705,59,83,2021,8,29,24.6,2021-08-29
149758,59,83,2021,8,30,25.1,2021-08-30
154811,59,83,2021,8,31,24.7,2021-08-31
3222,59,83,2021,9,1,19.3,2021-09-01
8275,59,83,2021,9,2,18.6,2021-09-02
13328,59,83,2021,9,3,21.8,2021-09-03
18381,59,83,2021,9,4,22.7,2021-09-04
23434,59,83,2021,9,5,23.8,2021-09-05
28487,59,83,2021,9,6,24.8,2021-09-06
33540,59,83,2021,9,7,25.6,2021-09-07
38593,59,83,2021,9,8,23.2,2021-09-08
43646,59,83,2021,9,9,22.3,2021-09-09
48699,59,83,2021,9,10,23.0,2021-09-10
53752,59,83,2021,9,11,21.3,2021-09-11
58805,59,83,2021,9,12,22.4,2021-09-12
63858,59,83,2021,9,13,20.5,2021-09-13
68911,59,83,2021,9,14,17.4,2021-09-14
73964,59,83,2021,9,15,18.5,2021-09-15
79017,59,83,2021,9,16,19.5,2021-09-16
84070,59,83,2021,9,17,20.5,2021-09-17
89123,59,83,2021,9,18,20.1,2021-09-18
94176,59,83,2021,9,19,17.9,2021-09-19
99229,59,83,2021,9,20,17.4,2021-09-20
104282,59,83,2021,9,21,15.3,2021-09-21
109335,59,83,2021,9,22,15.6,2021-09-22
114388,59,83,2021,9,23,18.1,2021-09-23
119441,59,83,2021,9,24,18.1,2021-09-24
124494,59,83,2021,9,25,18.2,2021-09-25
129547,59,83,2021,9,26,18.2,2021-09-26
134600,59,83,2021,9,27,18.6,2021-09-27
139653,59,83,2021,9,28,18.7,2021-09-28
144706,59,83,2021,9,29,18.4,2021-09-29
149759,59,83,2021,9,30,17.9,2021-09-30
3223,59,83,2021,10,1,18.1,2021-10-01
8276,59,83,2021,10,2,18.4,2021-10-02
13329,59,83,2021,10,3,15.7,2021-10-03
18382,59,83,2021,10,4,13.3,2021-10-04
23435,59,83,2021,10,5,16.1,2021-10-05
28488,59,83,2021,10,6,17.7,2021-10-06
33541,59,83,2021,10,7,16.8,2021-10-07
38594,59,83,2021,10,8,18.1,2021-10-08
43647,59,83,2021,10,9,16.6,2021-10-09
48700,59,83,2021,10,10,16.2,2021-10-10
53753,59,83,2021,10,11,16.0,2021-10-11
58806,59,83,2021,10,12,16.4,2021-10-12
63859,59,83,2021,10,13,16.0,2021-10-13
68912,59,83,2021,10,14,15.0,2021-10-14
73965,59,83,2021,10,15,16.2,2021-10-15
79018,59,83,2021,10,16,14.7,2021-10-16
84071,59,83,2021,10,17,17.3,2021-10-17
89124,59,83,2021,10,18,17.1,2021-10-18
94177,59,83,2021,10,19,17.7,2021-10-19
99230,59,83,2021,10,20,17.4,2021-10-20
104283,59,83,2021,10,21,16.7,2021-10-21
109336,59,83,2021,10,22,14.1,2021-10-22
114389,59,83,2021,10,23,12.1,2021-10-23
119442,59,83,2021,10,24,11.9,2021-10-24
124495,59,83,2021,10,25,12.3,2021-10-25
129548,59,83,2021,10,26,13.6,2021-10-26
134601,59,83,2021,10,27,12.9,2021-10-27
139654,59,83,2021,10,28,13.1,2021-10-28
144707,59,83,2021,10,29,13.4,2021-10-29
149760,59,83,2021,10,30,15.4,2021-10-30
154813,59,83,2021,10,31,15.9,2021-10-31
3224,59,83,2021,11,1,14.5,2021-11-01
8277,59,83,2021,11,2,10.5,2021-11-02
13330,59,83,2021,11,3,9.3,2021-11-03
18383,59,83,2021,11,4,7.1,2021-11-04
23436,59,83,2021,11,5,7.3,2021-11-05
28489,59,83,2021,11,6,6.8,2021-11-06
33542,59,83,2021,11,7,7.5,2021-11-07
38595,59,83,2021,11,8,10.3,2021-11-08
43648,59,83,2021,11,9,10.3,2021-11-09
48701,59,83,2021,11,10,8.7,2021-11-10
53754,59,83,2021,11,11,8.3,2021-11-11
58807,59,83,2021,11,12,10.7,2021-11-12
63860,59,83,2021,11,13,9.5,2021-11-13
68913,59,83,2021,11,14,9.5,2021-11-14
73966,59,83,2021,11,15,10.1,2021-11-15
79019,59,83,2021,11,16,7.4,2021-11-16
84072,59,83,2021,11,17,8.3,2021-11-17
89125,59,83,2021,11,18,7.1,2021-11-18
94178,59,83,2021,11,19,9.5,2021-11-19
99231,59,83,2021,11,20,9.8,2021-11-20
104284,59,83,2021,11,21,10.7,2021-11-21
109337,59,83,2021,11,22,6.4,2021-11-22
114390,59,83,2021,11,23,4.5,2021-11-23
119443,59,83,2021,11,24,4.4,2021-11-24
124496,59,83,2021,11,25,5.8,2021-11-25
129549,59,83,2021,11,26,5.6,2021-11-26
134602,59,83,2021,11,27,5.5,2021-11-27
139655,59,83,2021,11,28,4.8,2021-11-28
144708,59,83,2021,11,29,10.1,2021-11-29
149761,59,83,2021,11,30,6.7,2021-11-30
3225,59,83,2021,12,1,4.2,2021-12-01
8278,59,83,2021,12,2,5.8,2021-12-02
13331,59,83,2021,12,3,7.0,2021-12-03
18384,59,83,2021,12,4,5.8,2021-12-04
23437,59,83,2021,12,5,8.5,2021-12-05
28490,59,83,2021,12,6,9.2,2021-12-06
33543,59,83,2021,12,7,6.8,2021-12-07
38596,59,83,2021,12,8,7.1,2021-12-08
43649,59,83,2021,12,9,8.8,2021-12-09
48702,59,83,2021,12,10,11.6,2021-12-10
53755,59,83,2021,12,11,11.1,2021-12-11
58808,59,83,2021,12,12,7.9,2021-12-12
63861,59,83,2021,12,13,6.5,2021-12-13
68914,59,83,2021,12,14,7.9,2021-12-14
73967,59,83,2021,12,15,8.3,2021-12-15
79020,59,83,2021,12,16,6.2,2021-12-16
84073,59,83,2021,12,17,5.1,2021-12-17
89126,59,83,2021,12,18,5.2,2021-12-18
94179,59,83,2021,12,19,7.6,2021-12-19
99232,59,83,2021,12,20,5.4,2021-12-20
104285,59,83,2021,12,21,8.2,2021-12-21
109338,59,83,2021,12,22,9.6,2021-12-22
114391,59,83,2021,12,23,8.5,2021-12-23
119444,59,83,2021,12,24,10.2,2021-12-24
124497,59,83,2021,12,25,8.7,2021-12-25
129550,59,83,2021,12,26,9.3,2021-12-26
134603,59,83,2021,12,27,12.2,2021-12-27
139656,59,83,2021,12,28,11.1,2021-12-28
144709,59,83,2021,12,29,9.0,2021-12-29
149762,59,83,2021,12,30,8.2,2021-12-30
154815,59,83,2021,12,31,8.7,2021-12-31
4147,59,83,2022,1,1,8.7,2022-01-01
9200,59,83,2022,1,2,7.9,2022-01-02
14253,59,83,2022,1,3,8.0,2022-01-03
19306,59,83,2022,1,4,6.5,2022-01-04
24359,59,83,2022,1,5,5.9,2022-01-05
29412,59,83,2022,1,6,3.4,2022-01-06
34465,59,83,2022,1,7,4.2,2022-01-07
39518,59,83,2022,1,8,2.6,2022-01-08
44571,59,83,2022,1,9,6.5,2022-01-09
49624,59,83,2022,1,10,10.3,2022-01-10
54677,59,83,2022,1,11,9.8,2022-01-11
59730,59,83,2022,1,12,6.1,2022-01-12
64783,59,83,2022,1,13,3.3,2022-01-13
69836,59,83,2022,1,14,2.3,2022-01-14
74889,59,83,2022,1,15,2.5,2022-01-15
79942,59,83,2022,1,16,2.5,2022-01-16
84995,59,83,2022,1,17,3.5,2022-01-17
90048,59,83,2022,1,18,4.1,2022-01-18
95101,59,83,2022,1,19,4.8,2022-01-19
100154,59,83,2022,1,20,5.4,2022-01-20
105207,59,83,2022,1,21,3.7,2022-01-21
110260,59,83,2022,1,22,3.2,2022-01-22
115313,59,83,2022,1,23,3.9,2022-01-23
120366,59,83,2022,1,24,5.2,2022-01-24
125419,59,83,2022,1,25,6.7,2022-01-25
130472,59,83,2022,1,26,4.1,2022-01-26
135525,59,83,2022,1,27,5.6,2022-01-27
140578,59,83,2022,1,28,6.1,2022-01-28
145631,59,83,2022,1,29,6.7,2022-01-29
150684,59,83,2022,1,30,7.4,2022-01-30
155737,59,83,2022,1,31,7.1,2022-01-31
4148,59,83,2022,2,1,9.7,2022-02-01
9201,59,83,2022,2,2,10.2,2022-02-02
14254,59,83,2022,2,3,8.8,2022-02-03
19307,59,83,2022,2,4,8.8,2022-02-04
24360,59,83,2022,2,5,8.7,2022-02-05
29413,59,83,2022,2,6,6.8,2022-02-06
34466,59,83,2022,2,7,8.3,2022-02-07
39519,59,83,2022,2,8,8.7,2022-02-08
44572,59,83,2022,2,9,7.9,2022-02-09
49625,59,83,2022,2,10,8.2,2022-02-10
54678,59,83,2022,2,11,9.3,2022-02-11
59731,59,83,2022,2,12,9.3,2022-02-12
64784,59,83,2022,2,13,8.9,2022-02-13
69837,59,83,2022,2,14,8.0,2022-02-14
74890,59,83,2022,2,15,6.9,2022-02-15
79943,59,83,2022,2,16,8.5,2022-02-16
84996,59,83,2022,2,17,9.6,2022-02-17
90049,59,83,2022,2,18,10.7,2022-02-18
95102,59,83,2022,2,19,8.6,2022-02-19
100155,59,83,2022,2,20,7.0,2022-02-20
105208,59,83,2022,2,21,9.9,2022-02-21
110261,59,83,2022,2,22,11.1,2022-02-22
115314,59,83,2022,2,23,9.9,2022-02-23
120367,59,83,2022,2,24,9.3,2022-02-24
125420,59,83,2022,2,25,7.8,2022-02-25
130473,59,83,2022,2,26,7.4,2022-02-26
135526,59,83,2022,2,27,9.3,2022-02-27
140579,59,83,2022,2,28,9.9,2022-02-28
4149,59,83,2022,3,1,10.5,2022-03-01
9202,59,83,2022,3,2,12.2,2022-03-02
14255,59,83,2022,3,3,7.5,2022-03-03
19308,59,83,2022,3,4,7.9,2022-03-04
24361,59,83,2022,3,5,6.8,2022-03-05
29414,59,83,2022,3,6,6.8,2022-03-06
34467,59,83,2022,3,7,6.7,2022-03-07
39520,59,83,2022,3,8,8.4,2022-03-08
44573,59,83,2022,3,9,7.8,2022-03-09
49626,59,83,2022,3,10,10.3,2022-03-10
54679,59,83,2022,3,11,8.9,2022-03-11
59732,59,83,2022,3,12,8.3,2022-03-12
64785,59,83,2022,3,13,9.6,2022-03-13
69838,59,83,2022,3,14,8.1,2022-03-14
74891,59,83,2022,3,15,13.1,2022-03-15
79944,59,83,2022,3,16,12.0,2022-03-16
84997,59,83,2022,3,17,10.0,2022-03-17
90050,59,83,2022,3,18,9.3,2022-03-18
95103,59,83,2022,3,19,9.8,2022-03-19
100156,59,83,2022,3,20,10.3,2022-03-20
105209,59,83,2022,3,21,9.5,2022-03-21
110262,59,83,2022,3,22,8.8,2022-03-22
115315,59,83,2022,3,23,8.3,2022-03-23
120368,59,83,2022,3,24,8.5,2022-03-24
125421,59,83,2022,3,25,9.3,2022-03-25
130474,59,83,2022,3,26,9.1,2022-03-26
135527,59,83,2022,3,27,10.6,2022-03-27
140580,59,83,2022,3,28,10.4,2022-03-28
145633,59,83,2022,3,29,12.3,2022-03-29
150686,59,83,2022,3,30,10.0,2022-03-30
155739,59,83,2022,3,31,8.7,2022-03-31
4150,59,83,2022,4,1,6.0,2022-04-01
9203,59,83,2022,4,2,4.6,2022-04-02
14256,59,83,2022,4,3,4.3,2022-04-03
19309,59,83,2022,4,4,4.8,2022-04-04
24362,59,83,2022,4,5,6.2,2022-04-05
29415,59,83,2022,4,6,9.3,2022-04-06
34468,59,83,2022,4,7,13.8,2022-04-07
39521,59,83,2022,4,8,11.8,2022-04-08
44574,59,83,2022,4,9,13.4,2022-04-09
49627,59,83,2022,4,10,15.1,2022-04-10
54680,59,83,2022,4,11,15.1,2022-04-11
59733,59,83,2022,4,12,10.8,2022-04-12
64786,59,83,2022,4,13,12.0,2022-04-13
69839,59,83,2022,4,14,14.6,2022-04-14
74892,59,83,2022,4,15,16.8,2022-04-15
79945,59,83,2022,4,16,18.3,2022-04-16
84998,59,83,2022,4,17,18.0,2022-04-17
90051,59,83,2022,4,18,18.2,2022-04-18
95104,59,83,2022,4,19,12.7,2022-04-19
100157,59,83,2022,4,20,7.1,2022-04-20
105210,59,83,2022,4,21,10.9,2022-04-21
110263,59,83,2022,4,22,8.6,2022-04-22
115316,59,83,2022,4,23,7.7,2022-04-23
120369,59,83,2022,4,24,11.9,2022-04-24
125422,59,83,2022,4,25,13.3,2022-04-25
130475,59,83,2022,4,26,14.0,2022-04-26
135528,59,83,2022,4,27,12.9,2022-04-27
140581,59,83,2022,4,28,12.4,2022-04-28
145634,59,83,2022,4,29,16.1,2022-04-29
150687,59,83,2022,4,30,17.2,2022-04-30
4151,59,83,2022,5,1,18.1,2022-05-01
9204,59,83,2022,5,2,13.9,2022-05-02
14257,59,83,2022,5,3,12.4,2022-05-03
19310,59,83,2022,5,4,14.2,2022-05-04
24363,59,83,2022,5,5,15.5,2022-05-05
29416,59,83,2022,5,6,16.1,2022-05-06
34469,59,83,2022,5,7,16.7,2022-05-07
39522,59,83,2022,5,8,18.3,2022-05-08
44575,59,83,2022,5,9,19.6,2022-05-09
49628,59,83,2022,5,10,20.7,2022-05-10
54681,59,83,2022,5,11,22.0,2022-05-11
59734,59,83,2022,5,12,21.2,2022-05-12
64787,59,83,2022,5,13,22.0,2022-05-13
69840,59,83,2022,5,14,21.0,2022-05-14
74893,59,83,2022,5,15,19.8,2022-05-15
79946,59,83,2022,5,16,19.7,2022-05-16
84999,59,83,2022,5,17,21.4,2022-05-17
90052,59,83,2022,5,18,23.5,2022-05-18
95105,59,83,2022,5,19,25.0,2022-05-19
100158,59,83,2022,5,20,25.4,2022-05-20
105211,59,83,2022,5,21,25.7,2022-05-21
110264,59,83,2022,5,22,22.9,2022-05-22
115317,59,83,2022,5,23,21.3,2022-05-23
120370,59,83,2022,5,24,17.4,2022-05-24
125423,59,83,2022,5,25,15.3,2022-05-25
130476,59,83,2022,5,26,18.1,2022-05-26
135529,59,83,2022,5,27,22.6,2022-05-27
140582,59,83,2022,5,28,24.2,2022-05-28
145635,59,83,2022,5,29,24.0,2022-05-29
150688,59,83,2022,5,30,19.9,2022-05-30
155741,59,83,2022,5,31,21.7,2022-05-31
4152,59,83,2022,6,1,23.6,2022-06-01
9205,59,83,2022,6,2,22.2,2022-06-02
14258,59,83,2022,6,3,22.1,2022-06-03
19311,59,83,2022,6,4,20.8,2022-06-04
24364,59,83,2022,6,5,22.1,2022-06-05
29417,59,83,2022,6,6,23.5,2022-06-06
34470,59,83,2022,6,7,25.2,2022-06-07
39523,59,83,2022,6,8,24.0,2022-06-08
44576,59,83,2022,6,9,25.3,2022-06-09
49629,59,83,2022,6,10,26.9,2022-06-10
54682,59,83,2022,6,11,28.2,2022-06-11
59735,59,83,2022,6,12,28.2,2022-06-12
64788,59,83,2022,6,13,29.5,2022-06-13
69841,59,83,2022,6,14,30.9,2022-06-14
74894,59,83,2022,6,15,28.4,2022-06-15
79947,59,83,2022,6,16,34.2,2022-06-16
85000,59,83,2022,6,17,29.8,2022-06-17
90053,59,83,2022,6,18,30.4,2022-06-18
95106,59,83,2022,6,19,23.3,2022-06-19
100159,59,83,2022,6,20,22.6,2022-06-20
105212,59,83,2022,6,21,21.4,2022-06-21
110265,59,83,2022,6,22,19.5,2022-06-22
115318,59,83,2022,6,23,19.3,2022-06-23
120371,59,83,2022,6,24,20.6,2022-06-24
125424,59,83,2022,6,25,21.4,2022-06-25
130477,59,83,2022,6,26,21.9,2022-06-26
135530,59,83,2022,6,27,21.9,2022-06-27
140583,59,83,2022,6,28,23.0,2022-06-28
145636,59,83,2022,6,29,24.9,2022-06-29
150689,59,83,2022,6,30,23.9,2022-06-30
4153,59,83,2022,7,1,23.5,2022-07-01
9206,59,83,2022,7,2,27.7,2022-07-02
14259,59,83,2022,7,3,28.4,2022-07-03
19312,59,83,2022,7,4,27.7,2022-07-04
24365,59,83,2022,7,5,27.8,2022-07-05
29418,59,83,2022,7,6,25.1,2022-07-06
34471,59,83,2022,7,7,23.8,2022-07-07
39524,59,83,2022,7,8,26.1,2022-07-08
44577,59,83,2022,7,9,28.7,2022-07-09
49630,59,83,2022,7,10,30.0,2022-07-10
54683,59,83,2022,7,11,29.8,2022-07-11
59736,59,83,2022,7,12,30.9,2022-07-12
64789,59,83,2022,7,13,31.4,2022-07-13
69842,59,83,2022,7,14,32.7,2022-07-14
74895,59,83,2022,7,15,31.3,2022-07-15
79948,59,83,2022,7,16,31.5,2022-07-16
85001,59,83,2022,7,17,31.6,2022-07-17
90054,59,83,2022,7,18,31.5,2022-07-18
95107,59,83,2022,7,19,29.2,2022-07-19
100160,59,83,2022,7,20,28.7,2022-07-20
105213,59,83,2022,7,21,29.8,2022-07-21
110266,59,83,2022,7,22,30.4,2022-07-22
115319,59,83,2022,7,23,29.5,2022-07-23
120372,59,83,2022,7,24,29.8,2022-07-24
125425,59,83,2022,7,25,30.5,2022-07-25
130478,59,83,2022,7,26,28.1,2022-07-26
135531,59,83,2022,7,27,28.0,2022-07-27
140584,59,83,2022,7,28,28.8,2022-07-28
145637,59,83,2022,7,29,29.1,2022-07-29
150690,59,83,2022,7,30,27.1,2022-07-30
155743,59,83,2022,7,31,28.6,2022-07-31
4154,59,83,2022,8,1,30.4,2022-08-01
9207,59,83,2022,8,2,30.5,2022-08-02
14260,59,83,2022,8,3,29.8,2022-08-03
19313,59,83,2022,8,4,29.4,2022-08-04
24366,59,83,2022,8,5,29.9,2022-08-05
29419,59,83,2022,8,6,29.3,2022-08-06
34472,59,83,2022,8,7,29.0,2022-08-07
39525,59,83,2022,8,8,28.7,2022-08-08
44578,59,83,2022,8,9,29.7,2022-08-09
49631,59,83,2022,8,10,30.5,2022-08-10
54684,59,83,2022,8,11,29.8,2022-08-11
59737,59,83,2022,8,12,29.6,2022-08-12
64790,59,83,2022,8,13,25.7,2022-08-13
69843,59,83,2022,8,14,24.6,2022-08-14
74896,59,83,2022,8,15,24.7,2022-08-15
79949,59,83,2022,8,16,24.4,2022-08-16
85002,59,83,2022,8,17,21.3,2022-08-17
90055,59,83,2022,8,18,21.0,2022-08-18
95108,59,83,2022,8,19,23.2,2022-08-19
100161,59,83,2022,8,20,25.9,2022-08-20
105214,59,83,2022,8,21,27.9,2022-08-21
110267,59,83,2022,8,22,27.5,2022-08-22
115320,59,83,2022,8,23,28.0,2022-08-23
120373,59,83,2022,8,24,28.7,2022-08-24
125426,59,83,2022,8,25,27.4,2022-08-25
130479,59,83,2022,8,26,25.1,2022-08-26
135532,59,83,2022,8,27,25.2,2022-08-27
140585,59,83,2022,8,28,26.8,2022-08-28
145638,59,83,2022,8,29,27.4,2022-08-29
150691,59,83,2022,8,30,26.9,2022-08-30
155744,59,83,2022,8,31,26.7,2022-08-31
4155,59,83,2022,9,1,24.5,2022-09-01
9208,59,83,2022,9,2,23.8,2022-09-02
14261,59,83,2022,9,3,22.9,2022-09-03
19314,59,83,2022,9,4,22.5,2022-09-04
24367,59,83,2022,9,5,21.7,2022-09-05
29420,59,83,2022,9,6,22.0,2022-09-06
34473,59,83,2022,9,7,21.0,2022-09-07
39526,59,83,2022,9,8,23.3,2022-09-08
44579,59,83,2022,9,9,25.3,2022-09-09
49632,59,83,2022,9,10,25.5,2022-09-10
54685,59,83,2022,9,11,26.3,2022-09-11
59738,59,83,2022,9,12,25.2,2022-09-12
64791,59,83,2022,9,13,20.9,2022-09-13
69844,59,83,2022,9,14,19.8,2022-09-14
74897,59,83,2022,9,15,19.9,2022-09-15
79950,59,83,2022,9,16,21.2,2022-09-16
85003,59,83,2022,9,17,21.2,2022-09-17
90056,59,83,2022,9,18,22.4,2022-09-18
95109,59,83,2022,9,19,22.3,2022-09-19
100162,59,83,2022,9,20,21.5,2022-09-20
105215,59,83,2022,9,21,21.7,2022-09-21
110268,59,83,2022,9,22,21.7,2022-09-22
115321,59,83,2022,9,23,22.2,2022-09-23
120374,59,83,2022,9,24,20.2,2022-09-24
125427,59,83,2022,9,25,15.3,2022-09-25
130480,59,83,2022,9,26,16.0,2022-09-26
135533,59,83,2022,9,27,16.5,2022-09-27
140586,59,83,2022,9,28,17.1,2022-09-28
145639,59,83,2022,9,29,14.4,2022-09-29
150692,59,83,2022,9,30,14.3,2022-09-30
4156,59,83,2022,10,1,15.6,2022-10-01
9209,59,83,2022,10,2,18.5,2022-10-02
14262,59,83,2022,10,3,19.9,2022-10-03
19315,59,83,2022,10,4,21.0,2022-10-04
24368,59,83,2022,10,5,20.7,2022-10-05
29421,59,83,2022,10,6,19.9,2022-10-06
34474,59,83,2022,10,7,18.4,2022-10-07
39527,59,83,2022,10,8,18.6,2022-10-08
44580,59,83,2022,10,9,18.8,2022-10-09
49633,59,83,2022,10,10,16.2,2022-10-10
54686,59,83,2022,10,11,17.0,2022-10-11
59739,59,83,2022,10,12,17.4,2022-10-12
64792,59,83,2022,10,13,18.4,2022-10-13
69845,59,83,2022,10,14,18.8,2022-10-14
74898,59,83,2022,10,15,19.0,2022-10-15
79951,59,83,2022,10,16,18.4,2022-10-16
85004,59,83,2022,10,17,18.9,2022-10-17
90057,59,83,2022,10,18,19.5,2022-10-18
95110,59,83,2022,10,19,19.4,2022-10-19
100163,59,83,2022,10,20,16.6,2022-10-20
105216,59,83,2022,10,21,15.7,2022-10-21
110269,59,83,2022,10,22,16.2,2022-10-22
115322,59,83,2022,10,23,15.4,2022-10-23
120375,59,83,2022,10,24,15.2,2022-10-24
125428,59,83,2022,10,25,16.8,2022-10-25
130481,59,83,2022,10,26,17.3,2022-10-26
135534,59,83,2022,10,27,17.9,2022-10-27
140587,59,83,2022,10,28,17.4,2022-10-28
145640,59,83,2022,10,29,16.9,2022-10-29
150693,59,83,2022,10,30,14.8,2022-10-30
155746,59,83,2022,10,31,13.1,2022-10-31
4157,59,83,2022,11,1,15.9,2022-11-01
9210,59,83,2022,11,2,15.0,2022-11-02
14263,59,83,2022,11,3,13.9,2022-11-03
19316,59,83,2022,11,4,11.0,2022-11-04
24369,59,83,2022,11,5,9.8,2022-11-05
29422,59,83,2022,11,6,10.8,2022-11-06
34475,59,83,2022,11,7,11.9,2022-11-07
39528,59,83,2022,11,8,12.6,2022-11-08
44581,59,83,2022,11,9,12.6,2022-11-09
49634,59,83,2022,11,10,10.9,2022-11-10
54687,59,83,2022,11,11,11.0,2022-11-11
59740,59,83,2022,11,12,13.2,2022-11-12
64793,59,83,2022,11,13,12.8,2022-11-13
69846,59,83,2022,11,14,11.8,2022-11-14
74899,59,83,2022,11,15,13.2,2022-11-15
79952,59,83,2022,11,16,11.9,2022-11-16
85005,59,83,2022,11,17,14.0,2022-11-17
90058,59,83,2022,11,18,10.5,2022-11-18
95111,59,83,2022,11,19,8.3,2022-11-19
100164,59,83,2022,11,20,10.2,2022-11-20
105217,59,83,2022,11,21,11.1,2022-11-21
110270,59,83,2022,11,22,8.1,2022-11-22
115323,59,83,2022,11,23,13.9,2022-11-23
120376,59,83,2022,11,24,11.8,2022-11-24
125429,59,83,2022,11,25,11.0,2022-11-25
130482,59,83,2022,11,26,6.5,2022-11-26
135535,59,83,2022,11,27,7.9,2022-11-27
140588,59,83,2022,11,28,8.5,2022-11-28
145641,59,83,2022,11,29,6.9,2022-11-29
150694,59,83,2022,11,30,7.9,2022-11-30
4158,59,83,2022,12,1,7.3,2022-12-01
9211,59,83,2022,12,2,4.8,2022-12-02
14264,59,83,2022,12,3,4.6,2022-12-03
19317,59,83,2022,12,4,4.1,2022-12-04
24370,59,83,2022,12,5,6.7,2022-12-05
29423,59,83,2022,12,6,10.1,2022-12-06
34476,59,83,2022,12,7,10.0,2022-12-07
39529,59,83,2022,12,8,9.2,2022-12-08
44582,59,83,2022,12,9,9.2,2022-12-09
49635,59,83,2022,12,10,9.4,2022-12-10
54688,59,83,2022,12,11,7.0,2022-12-11
59741,59,83,2022,12,12,11.4,2022-12-12
64794,59,83,2022,12,13,13.5,2022-12-13
69847,59,83,2022,12,14,11.5,2022-12-14
74900,59,83,2022,12,15,9.5,2022-12-15
79953,59,83,2022,12,16,8.7,2022-12-16
85006,59,83,2022,12,17,9.8,2022-12-17
90059,59,83,2022,12,18,7.9,2022-12-18
95112,59,83,2022,12,19,6.8,2022-12-19
100165,59,83,2022,12,20,7.4,2022-12-20
105218,59,83,2022,12,21,10.9,2022-12-21
110271,59,83,2022,12,22,11.9,2022-12-22
115324,59,83,2022,12,23,11.2,2022-12-23
120377,59,83,2022,12,24,9.8,2022-12-24
125430,59,83,2022,12,25,9.4,2022-12-25
130483,59,83,2022,12,26,9.7,2022-12-26
135536,59,83,2022,12,27,8.7,2022-12-27
140589,59,83,2022,12,28,8.3,2022-12-28
145642,59,83,2022,12,29,10.2,2022-12-29
150695,59,83,2022,12,30,11.3,2022-12-30
155748,59,83,2022,12,31,8.1,2022-12-31
5008,59,83,2023,1,1,9.3,2023-01-01
10061,59,83,2023,1,2,10.6,2023-01-02
15114,59,83,2023,1,3,8.2,2023-01-03
20167,59,83,2023,1,4,6.0,2023-01-04
25220,59,83,2023,1,5,6.5,2023-01-05
30273,59,83,2023,1,6,5.3,2023-01-06
35326,59,83,2023,1,7,3.8,2023-01-07
40379,59,83,2023,1,8,10.5,2023-01-08
45432,59,83,2023,1,9,10.6,2023-01-09
50485,59,83,2023,1,10,6.0,2023-01-10
55538,59,83,2023,1,11,7.2,2023-01-11
60591,59,83,2023,1,12,5.7,2023-01-12
65644,59,83,2023,1,13,6.4,2023-01-13
70697,59,83,2023,1,14,5.9,2023-01-14
75750,59,83,2023,1,15,6.4,2023-01-15
80803,59,83,2023,1,16,6.7,2023-01-16
85856,59,83,2023,1,17,8.0,2023-01-17
90909,59,83,2023,1,18,3.9,2023-01-18
95962,59,83,2023,1,19,4.9,2023-01-19
101015,59,83,2023,1,20,9.4,2023-01-20
106068,59,83,2023,1,21,5.7,2023-01-21
111121,59,83,2023,1,22,3.0,2023-01-22
116174,59,83,2023,1,23,3.0,2023-01-23
121227,59,83,2023,1,24,1.8,2023-01-24
126280,59,83,2023,1,25,3.3,2023-01-25
131333,59,83,2023,1,26,5.0,2023-01-26
136386,59,83,2023,1,27,3.3,2023-01-27
141439,59,83,2023,1,28,2.9,2023-01-28
146492,59,83,2023,1,29,1.5,2023-01-29
151545,59,83,2023,1,30,2.2,2023-01-30
156598,59,83,2023,1,31,3.1,2023-01-31
5009,59,83,2023,2,1,5.1,2023-02-01
10062,59,83,2023,2,2,5.9,2023-02-02
15115,59,83,2023,2,3,6.8,2023-02-03
20168,59,83,2023,2,4,8.2,2023-02-04
25221,59,83,2023,2,5,9.1,2023-02-05
30274,59,83,2023,2,6,5.8,2023-02-06
35327,59,83,2023,2,7,4.1,2023-02-07
40380,59,83,2023,2,8,5.6,2023-02-08
45433,59,83,2023,2,9,6.2,2023-02-09
50486,59,83,2023,2,10,4.6,2023-02-10
55539,59,83,2023,2,11,3.7,2023-02-11
60592,59,83,2023,2,12,6.8,2023-02-12
65645,59,83,2023,2,13,4.9,2023-02-13
70698,59,83,2023,2,14,5.6,2023-02-14
75751,59,83,2023,2,15,8.2,2023-02-15
80804,59,83,2023,2,16,7.5,2023-02-16
85857,59,83,2023,2,17,7.8,2023-02-17
90910,59,83,2023,2,18,7.6,2023-02-18
95963,59,83,2023,2,19,11.4,2023-02-19
101016,59,83,2023,2,20,12.5,2023-02-20
106069,59,83,2023,2,21,11.5,2023-02-21
111122,59,83,2023,2,22,10.4,2023-02-22
116175,59,83,2023,2,23,6.7,2023-02-23
121228,59,83,2023,2,24,4.3,2023-02-24
126281,59,83,2023,2,25,3.3,2023-02-25
131334,59,83,2023,2,26,4.1,2023-02-26
136387,59,83,2023,2,27,2.0,2023-02-27
141440,59,83,2023,2,28,1.9,2023-02-28
5010,59,83,2023,3,1,1.7,2023-03-01
10063,59,83,2023,3,2,3.4,2023-03-02
15116,59,83,2023,3,3,5.3,2023-03-03
20169,59,83,2023,3,4,5.5,2023-03-04
25222,59,83,2023,3,5,4.4,2023-03-05
30275,59,83,2023,3,6,8.7,2023-03-06
35328,59,83,2023,3,7,11.1,2023-03-07
40381,59,83,2023,3,8,12.5,2023-03-08
45434,59,83,2023,3,9,13.5,2023-03-09
50487,59,83,2023,3,10,13.9,2023-03-10
55540,59,83,2023,3,11,14.5,2023-03-11
60593,59,83,2023,3,12,15.3,2023-03-12
65646,59,83,2023,3,13,14.3,2023-03-13
70699,59,83,2023,3,14,11.8,2023-03-14
75752,59,83,2023,3,15,12.0,2023-03-15
80805,59,83,2023,3,16,14.0,2023-03-16
85858,59,83,2023,3,17,13.5,2023-03-17
90911,59,83,2023,3,18,11.5,2023-03-18
95964,59,83,2023,3,19,11.9,2023-03-19
101017,59,83,2023,3,20,12.5,2023-03-20
106070,59,83,2023,3,21,13.8,2023-03-21
111123,59,83,2023,3,22,14.4,2023-03-22
116176,59,83,2023,3,23,14.7,2023-03-23
121229,59,83,2023,3,24,13.2,2023-03-24
126282,59,83,2023,3,25,13.8,2023-03-25
131335,59,83,2023,3,26,15.0,2023-03-26
136388,59,83,2023,3,27,12.7,2023-03-27
141441,59,83,2023,3,28,13.9,2023-03-28
146494,59,83,2023,3,29,16.6,2023-03-29
151547,59,83,2023,3,30,17.1,2023-03-30
156600,59,83,2023,3,31,15.9,2023-03-31
5011,59,83,2023,4,1,13.7,2023-04-01
10064,59,83,2023,4,2,11.3,2023-04-02
15117,59,83,2023,4,3,11.4,2023-04-03
20170,59,83,2023,4,4,12.9,2023-04-04
25223,59,83,2023,4,5,12.4,2023-04-05
30276,59,83,2023,4,6,14.8,2023-04-06
35329,59,83,2023,4,7,15.3,2023-04-07
40382,59,83,2023,4,8,17.3,2023-04-08
45435,59,83,2023,4,9,18.3,2023-04-09
50488,59,83,2023,4,10,19.0,2023-04-10
55541,59,83,2023,4,11,18.5,2023-04-11
60594,59,83,2023,4,12,15.8,2023-04-12
65647,59,83,2023,4,13,11.4,2023-04-13
70700,59,83,2023,4,14,13.9,2023-04-14
75753,59,83,2023,4,15,15.9,2023-04-15
80806,59,83,2023,4,16,16.5,2023-04-16
85859,59,83,2023,4,17,16.2,2023-04-17
90912,59,83,2023,4,18,15.0,2023-04-18
95965,59,83,2023,4,19,16.5,2023-04-19
101018,59,83,2023,4,20,18.6,2023-04-20
106071,59,83,2023,4,21,18.6,2023-04-21
111124,59,83,2023,4,22,16.0,2023-04-22
116177,59,83,2023,4,23,16.6,2023-04-23
121230,59,83,2023,4,24,18.9,2023-04-24
126283,59,83,2023,4,25,20.9,2023-04-25
131336,59,83,2023,4,26,21.2,2023-04-26
136389,59,83,2023,4,27,22.3,2023-04-27
141442,59,83,2023,4,28,23.2,2023-04-28
146495,59,83,2023,4,29,21.9,2023-04-29
151548,59,83,2023,4,30,18.9,2023-04-30
5012,59,83,2023,5,1,18.8,2023-05-01
10065,59,83,2023,5,2,20.0,2023-05-02
15118,59,83,2023,5,3,21.7,2023-05-03
20171,59,83,2023,5,4,20.3,2023-05-04
25224,59,83,2023,5,5,19.6,2023-05-05
30277,59,83,2023,5,6,19.9,2023-05-06
35330,59,83,2023,5,7,20.8,2023-05-07
40383,59,83,2023,5,8,21.2,2023-05-08
45436,59,83,2023,5,9,22.0,2023-05-09
50489,59,83,2023,5,10,18.0,2023-05-10
55542,59,83,2023,5,11,15.1,2023-05-11
60595,59,83,2023,5,12,13.0,2023-05-12
65648,59,83,2023,5,13,13.5,2023-05-13
70701,59,83,2023,5,14,14.7,2023-05-14
75754,59,83,2023,5,15,14.3,2023-05-15
80807,59,83,2023,5,16,15.1,2023-05-16
85860,59,83,2023,5,17,14.7,2023-05-17
90913,59,83,2023,5,18,14.5,2023-05-18
95966,59,83,2023,5,19,14.3,2023-05-19
101019,59,83,2023,5,20,14.0,2023-05-20
106072,59,83,2023,5,21,15.1,2023-05-21
111125,59,83,2023,5,22,17.8,2023-05-22
116178,59,83,2023,5,23,16.9,2023-05-23
121231,59,83,2023,5,24,16.9,2023-05-24
126284,59,83,2023,5,25,17.0,2023-05-25
131337,59,83,2023,5,26,14.7,2023-05-26
136390,59,83,2023,5,27,16.7,2023-05-27
141443,59,83,2023,5,28,15.4,2023-05-28
146496,59,83,2023,5,29,16.0,2023-05-29
151549,59,83,2023,5,30,16.0,2023-05-30
156602,59,83,2023,5,31,18.3,2023-05-31
5013,59,83,2023,6,1,16.8,2023-06-01
10066,59,83,2023,6,2,17.5,2023-06-02
15119,59,83,2023,6,3,18.5,2023-06-03
20172,59,83,2023,6,4,19.6,2023-06-04
25225,59,83,2023,6,5,0.0,2023-06-05
30278,59,83,2023,6,6,21.1,2023-06-06
35331,59,83,2023,6,7,18.0,2023-06-07
40384,59,83,2023,6,8,17.8,2023-06-08
45437,59,83,2023,6,9,19.6,2023-06-09
50490,59,83,2023,6,10,21.5,2023-06-10
55543,59,83,2023,6,11,22.5,2023-06-11
60596,59,83,2023,6,12,21.8,2023-06-12
65649,59,83,2023,6,13,20.0,2023-06-13
70702,59,83,2023,6,14,21.4,2023-06-14
75755,59,83,2023,6,15,23.7,2023-06-15
80808,59,83,2023,6,16,25.9,2023-06-16
85861,59,83,2023,6,17,26.5,2023-06-17
90914,59,83,2023,6,18,24.2,2023-06-18
95967,59,83,2023,6,19,22.5,2023-06-19
101020,59,83,2023,6,20,22.7,2023-06-20
106073,59,83,2023,6,21,21.9,2023-06-21
111126,59,83,2023,6,22,22.0,2023-06-22
116179,59,83,2023,6,23,25.4,2023-06-23
121232,59,83,2023,6,24,27.2,2023-06-24
126285,59,83,2023,6,25,29.1,2023-06-25
131338,59,83,2023,6,26,29.3,2023-06-26
136391,59,83,2023,6,27,28.4,2023-06-27
141444,59,83,2023,6,28,28.3,2023-06-28
146497,59,83,2023,6,29,27.2,2023-06-29
151550,59,83,2023,6,30,22.0,2023-06-30
5014,59,83,2023,7,1,24.6,2023-07-01
10067,59,83,2023,7,2,26.7,2023-07-02
15120,59,83,2023,7,3,27.4,2023-07-03
20173,59,83,2023,7,4,27.1,2023-07-04
25226,59,83,2023,7,5,26.4,2023-07-05
30279,59,83,2023,7,6,27.0,2023-07-06
35332,59,83,2023,7,7,26.7,2023-07-07
40385,59,83,2023,7,8,26.8,2023-07-08
45438,59,83,2023,7,9,26.6,2023-07-09
50491,59,83,2023,7,10,29.3,2023-07-10
55544,59,83,2023,7,11,30.7,2023-07-11
60597,59,83,2023,7,12,27.5,2023-07-12
65650,59,83,2023,7,13,28.0,2023-07-13
70703,59,83,2023,7,14,28.8,2023-07-14
75756,59,83,2023,7,15,26.8,2023-07-15
80809,59,83,2023,7,16,26.1,2023-07-16
85862,59,83,2023,7,17,28.8,2023-07-17
90915,59,83,2023,7,18,31.5,2023-07-18
95968,59,83,2023,7,19,31.8,2023-07-19
101021,59,83,2023,7,20,28.4,2023-07-20
106074,59,83,2023,7,21,26.3,2023-07-21
111127,59,83,2023,7,22,25.1,2023-07-22
116180,59,83,2023,7,23,26.7,2023-07-23
121233,59,83,2023,7,24,26.3,2023-07-24
126286,59,83,2023,7,25,24.2,2023-07-25
131339,59,83,2023,7,26,25.0,2023-07-26
136392,59,83,2023,7,27,26.6,2023-07-27
141445,59,83,2023,7,28,27.3,2023-07-28
146498,59,83,2023,7,29,27.7,2023-07-29
151551,59,83,2023,7,30,29.1,2023-07-30
156604,59,83,2023,7,31,29.5,2023-07-31
5015,59,83,2023,8,1,29.1,2023-08-01
10068,59,83,2023,8,2,28.3,2023-08-02
15121,59,83,2023,8,3,26.1,2023-08-03
20174,59,83,2023,8,4,21.0,2023-08-04
25227,59,83,2023,8,5,23.4,2023-08-05
30280,59,83,2023,8,6,26.8,2023-08-06
35333,59,83,2023,8,7,26.4,2023-08-07
40386,59,83,2023,8,8,29.2,2023-08-08
45439,59,83,2023,8,9,31.1,2023-08-09
50492,59,83,2023,8,10,31.4,2023-08-10
55545,59,83,2023,8,11,29.6,2023-08-11
60598,59,83,2023,8,12,30.4,2023-08-12
65651,59,83,2023,8,13,29.5,2023-08-13
70704,59,83,2023,8,14,28.2,2023-08-14
75757,59,83,2023,8,15,27.5,2023-08-15
80810,59,83,2023,8,16,27.6,2023-08-16
85863,59,83,2023,8,17,27.7,2023-08-17
90916,59,83,2023,8,18,27.4,2023-08-18
95969,59,83,2023,8,19,28.2,2023-08-19
101022,59,83,2023,8,20,29.7,2023-08-20
106075,59,83,2023,8,21,31.1,2023-08-21
111128,59,83,2023,8,22,31.7,2023-08-22
116181,59,83,2023,8,23,31.0,2023-08-23
121234,59,83,2023,8,24,30.5,2023-08-24
126287,59,83,2023,8,25,31.2,2023-08-25
131340,59,83,2023,8,26,27.4,2023-08-26
136393,59,83,2023,8,27,19.4,2023-08-27
141446,59,83,2023,8,28,20.6,2023-08-28
146499,59,83,2023,8,29,21.7,2023-08-29
151552,59,83,2023,8,30,21.5,2023-08-30
156605,59,83,2023,8,31,23.5,2023-08-31
5016,59,83,2023,9,1,24.3,2023-09-01
10069,59,83,2023,9,2,18.4,2023-09-02
15122,59,83,2023,9,3,17.2,2023-09-03
20175,59,83,2023,9,4,19.0,2023-09-04
25228,59,83,2023,9,5,21.6,2023-09-05
30281,59,83,2023,9,6,23.1,2023-09-06
35334,59,83,2023,9,7,23.6,2023-09-07
40387,59,83,2023,9,8,24.5,2023-09-08
45440,59,83,2023,9,9,23.3,2023-09-09
50493,59,83,2023,9,10,22.3,2023-09-10
55546,59,83,2023,9,11,20.8,2023-09-11
60599,59,83,2023,9,12,20.4,2023-09-12
65652,59,83,2023,9,13,21.0,2023-09-13
70705,59,83,2023,9,14,21.9,2023-09-14
75758,59,83,2023,9,15,20.4,2023-09-15
80811,59,83,2023,9,16,18.7,2023-09-16
85864,59,83,2023,9,17,17.2,2023-09-17
90917,59,83,2023,9,18,17.0,2023-09-18
95970,59,83,2023,9,19,18.4,2023-09-19
101023,59,83,2023,9,20,18.6,2023-09-20
106076,59,83,2023,9,21,16.3,2023-09-21
111129,59,83,2023,9,22,16.2,2023-09-22
116182,59,83,2023,9,23,16.0,2023-09-23
121235,59,83,2023,9,24,18.1,2023-09-24
126288,59,83,2023,9,25,20.1,2023-09-25
131341,59,83,2023,9,26,20.2,2023-09-26
136394,59,83,2023,9,27,20.6,2023-09-27
141447,59,83,2023,9,28,21.4,2023-09-28
146500,59,83,2023,9,29,22.4,2023-09-29
151553,59,83,2023,9,30,22.7,2023-09-30
